id,coverageLevel,date,time,localDate,localTime,week,numberOfPeriods,periodLength,var,lastUpdated,description,home_id,away_id,tourneycal_id,tourneycal_name
e7y2hbbz0d91khvu418gzrrbo,15,2025-05-25Z,15:00:00Z,2025-05-25,16:00:00,38,2,45,1,2025-06-13T08:45:47Z,Wolverhampton Wanderers vs Brentford,b9si1jn1lfxfund69e9ogcu2n,7yx5dqhhphyvfisohikodajhv,9n12waklv005j8r32sfjj2eqc,Premier League 2024/2025
e7i2wj9yoz8oc8w6kaknkt3bo,15,2025-05-25Z,15:00:00Z,2025-05-25,16:00:00,38,2,45,1,2025-06-09T22:53:33Z,Tottenham Hotspur vs Brighton & Hove Albion,22doj4sgsocqpxw45h607udje,e5p0ehyguld7egzhiedpdnc3w,9n12waklv005j8r32sfjj2eqc,Premier League 2024/2025
e720gu288fqplghkdcns8br4k,15,2025-05-25Z,15:00:00Z,2025-05-25,16:00:00,38,2,45,1,2025-06-17T10:51:40Z,Southampton vs Arsenal,d5ydtvt96bv7fq04yqm2w2632,4dsgumo7d4zupm2ugsvm4zm4d,9n12waklv005j8r32sfjj2eqc,Premier League 2024/2025
e6lfkyw0bc4heideuhijjd15g,15,2025-05-25Z,15:00:00Z,2025-05-25,16:00:00,38,2,45,1,2025-06-16T15:03:38Z,Nottingham Forest vs Chelsea,1qtaiy11gswx327s0vkibf70n,9q0arba2kbnywth8bkxlhgmdr,9n12waklv005j8r32sfjj2eqc,Premier League 2024/2025
e672488uaw8h4dzfjoqgw9ij8,15,2025-05-25Z,15:00:00Z,2025-05-25,16:00:00,38,2,45,1,2025-06-09T22:10:25Z,Newcastle United vs Everton,7vn2i2kd35zuetw6b38gw9jsz,ehd2iemqmschhj2ec0vayztzz,9n12waklv005j8r32sfjj2eqc,Premier League 2024/2025
e5qwoydk8nvhpk2fgyisdfi1g,15,2025-05-25Z,15:00:00Z,2025-05-25,16:00:00,38,2,45,1,2025-06-17T13:09:37Z,Manchester United vs Aston Villa,6eqit8ye8aomdsrrq0hk3v7gh,b496gs285it6bheuikox6z9mj,9n12waklv005j8r32sfjj2eqc,Premier League 2024/2025
e5aki093ytfxr4wvi4pt99slw,15,2025-05-25Z,15:00:00Z,2025-05-25,16:00:00,38,2,45,1,2025-06-09T23:11:22Z,Liverpool vs Crystal Palace,c8h9bw1l82s06h77xxrelzhur,1c8m2ko0wxq1asfkuykurdr0y,9n12waklv005j8r32sfjj2eqc,Premier League 2024/2025
e4w5hxt17mc4m7az4avnet7o4,15,2025-05-25Z,15:00:00Z,2025-05-25,16:00:00,38,2,45,1,2025-06-16T08:36:29Z,Ipswich Town vs West Ham United,8b523ujgl21tbc01me65q0aoh,4txjdaqveermfryvbfrr4taf7,9n12waklv005j8r32sfjj2eqc,Premier League 2024/2025
e4hkdddnn2z7xstwlrpv0dhjo,15,2025-05-25Z,15:00:00Z,2025-05-25,16:00:00,38,2,45,1,2025-06-16T15:19:29Z,Fulham vs Manchester City,hzqh7z0mdl3v7gwete66syxp,a3nyxabgsqlnqfkeg41m6tnpp,9n12waklv005j8r32sfjj2eqc,Premier League 2024/2025
e433vye8262cr6g19ujj8rxg4,15,2025-05-25Z,15:00:00Z,2025-05-25,16:00:00,38,2,45,1,2025-06-13T08:02:19Z,AFC Bournemouth vs Leicester City,1pse9ta7a45pi2w2grjim70ge,avxknfz4f6ob0rv9dbnxdzde0,9n12waklv005j8r32sfjj2eqc,Premier League 2024/2025
e3a7xq71soi9su8znttgmkjkk,15,2025-05-20Z,19:00:00Z,2025-05-20,20:00:00,37,2,45,1,2025-06-16T15:19:29Z,Manchester City vs AFC Bournemouth,a3nyxabgsqlnqfkeg41m6tnpp,1pse9ta7a45pi2w2grjim70ge,9n12waklv005j8r32sfjj2eqc,Premier League 2024/2025
e21d7simogrkfczdjfemj1jx0,15,2025-05-20Z,19:00:00Z,2025-05-20,20:00:00,37,2,45,1,2025-06-11T19:11:30Z,Crystal Palace vs Wolverhampton Wanderers,1c8m2ko0wxq1asfkuykurdr0y,b9si1jn1lfxfund69e9ogcu2n,9n12waklv005j8r32sfjj2eqc,Premier League 2024/2025
e185ph5ci77fznpwx3cwo7z84,15,2025-05-19Z,19:00:00Z,2025-05-19,20:00:00,37,2,45,1,2025-06-09T22:53:33Z,Brighton & Hove Albion vs Liverpool,e5p0ehyguld7egzhiedpdnc3w,c8h9bw1l82s06h77xxrelzhur,9n12waklv005j8r32sfjj2eqc,Premier League 2024/2025
e00tqapdtzxl61y696425zyfo,15,2025-05-18Z,15:30:00Z,2025-05-18,16:30:00,37,2,45,1,2025-06-17T10:51:38Z,Arsenal vs Newcastle United,4dsgumo7d4zupm2ugsvm4zm4d,7vn2i2kd35zuetw6b38gw9jsz,9n12waklv005j8r32sfjj2eqc,Premier League 2024/2025
e2u2srswpw0c62wls2tmcqfpw,15,2025-05-18Z,14:00:00Z,2025-05-18,15:00:00,37,2,45,1,2025-06-16T08:36:29Z,Leicester City vs Ipswich Town,avxknfz4f6ob0rv9dbnxdzde0,8b523ujgl21tbc01me65q0aoh,9n12waklv005j8r32sfjj2eqc,Premier League 2024/2025
e0tm7y3de4k220nsydyqbazo4,15,2025-05-18Z,14:00:00Z,2025-05-18,15:00:00,37,2,45,1,2025-06-13T08:45:44Z,Brentford vs Fulham,7yx5dqhhphyvfisohikodajhv,hzqh7z0mdl3v7gwete66syxp,9n12waklv005j8r32sfjj2eqc,Premier League 2024/2025
e3oqa9sus396yvhmsjizo65n8,15,2025-05-18Z,13:15:00Z,2025-05-18,14:15:00,37,2,45,1,2025-06-14T23:56:55Z,West Ham United vs Nottingham Forest,4txjdaqveermfryvbfrr4taf7,1qtaiy11gswx327s0vkibf70n,9n12waklv005j8r32sfjj2eqc,Premier League 2024/2025
e2frv3kvg7kam9foy78f20x78,15,2025-05-18Z,11:00:00Z,2025-05-18,12:00:00,37,2,45,1,2025-06-09T22:10:25Z,Everton vs Southampton,ehd2iemqmschhj2ec0vayztzz,d5ydtvt96bv7fq04yqm2w2632,9n12waklv005j8r32sfjj2eqc,Premier League 2024/2025
e1n3ht948psx3a83m77y6l444,15,2025-05-16Z,19:15:00Z,2025-05-16,20:15:00,37,2,45,1,2025-06-16T15:03:56Z,Chelsea vs Manchester United,9q0arba2kbnywth8bkxlhgmdr,6eqit8ye8aomdsrrq0hk3v7gh,9n12waklv005j8r32sfjj2eqc,Premier League 2024/2025
e0f3dj6gepp1y8kl4q6t76wpg,15,2025-05-16Z,18:30:00Z,2025-05-16,19:30:00,37,2,45,1,2025-06-17T13:09:37Z,Aston Villa vs Tottenham Hotspur,b496gs285it6bheuikox6z9mj,22doj4sgsocqpxw45h607udje,9n12waklv005j8r32sfjj2eqc,Premier League 2024/2025
dx6fwnxv4x0pe5bzhxqde83kk,15,2025-05-11Z,15:30:00Z,2025-05-11,16:30:00,36,2,45,1,2025-06-17T10:51:38Z,Liverpool vs Arsenal,c8h9bw1l82s06h77xxrelzhur,4dsgumo7d4zupm2ugsvm4zm4d,9n12waklv005j8r32sfjj2eqc,Premier League 2024/2025
dz8azhaf7w139w61zdlm8jsb8,15,2025-05-11Z,13:15:00Z,2025-05-11,14:15:00,36,2,45,1,2025-06-09T23:11:22Z,Tottenham Hotspur vs Crystal Palace,22doj4sgsocqpxw45h607udje,1c8m2ko0wxq1asfkuykurdr0y,9n12waklv005j8r32sfjj2eqc,Premier League 2024/2025
dyfbt4jlbpg620vslgqjf96vo,15,2025-05-11Z,13:15:00Z,2025-05-11,14:15:00,36,2,45,1,2025-06-14T23:56:55Z,Nottingham Forest vs Leicester City,1qtaiy11gswx327s0vkibf70n,avxknfz4f6ob0rv9dbnxdzde0,9n12waklv005j8r32sfjj2eqc,Premier League 2024/2025
dxmpsdxjhnt24mbffqdqo6m8k,15,2025-05-11Z,13:15:00Z,2025-05-11,14:15:00,36,2,45,1,2025-06-10T11:00:02Z,Manchester United vs West Ham United,6eqit8ye8aomdsrrq0hk3v7gh,4txjdaqveermfryvbfrr4taf7,9n12waklv005j8r32sfjj2eqc,Premier League 2024/2025
dy1053oicjyq6hgv4k0udy8t0,15,2025-05-11Z,11:00:00Z,2025-05-11,12:00:00,36,2,45,1,2025-06-16T15:03:37Z,Newcastle United vs Chelsea,7vn2i2kd35zuetw6b38gw9jsz,9q0arba2kbnywth8bkxlhgmdr,9n12waklv005j8r32sfjj2eqc,Premier League 2024/2025
dvz0b8pe8gblvllmytg1extlg,15,2025-05-10Z,16:30:00Z,2025-05-10,17:30:00,36,2,45,1,2025-06-17T13:09:37Z,AFC Bournemouth vs Aston Villa,1pse9ta7a45pi2w2grjim70ge,b496gs285it6bheuikox6z9mj,9n12waklv005j8r32sfjj2eqc,Premier League 2024/2025
dzmjlns0v7p1bl5nhn3v4lpuc,15,2025-05-10Z,14:00:00Z,2025-05-10,15:00:00,36,2,45,1,2025-06-11T19:11:30Z,Wolverhampton Wanderers vs Brighton & Hove Albion,b9si1jn1lfxfund69e9ogcu2n,e5p0ehyguld7egzhiedpdnc3w,9n12waklv005j8r32sfjj2eqc,Premier League 2024/2025
dytw7iazxoniw8jf0cldwmhhw,15,2025-05-10Z,14:00:00Z,2025-05-10,15:00:00,36,2,45,1,2025-06-16T15:19:28Z,Southampton vs Manchester City,d5ydtvt96bv7fq04yqm2w2632,a3nyxabgsqlnqfkeg41m6tnpp,9n12waklv005j8r32sfjj2eqc,Premier League 2024/2025
dwrwbzl4cg5xq1ehgrt2qc1sk,15,2025-05-10Z,14:00:00Z,2025-05-10,15:00:00,36,2,45,1,2025-06-16T08:36:32Z,Ipswich Town vs Brentford,8b523ujgl21tbc01me65q0aoh,7yx5dqhhphyvfisohikodajhv,9n12waklv005j8r32sfjj2eqc,Premier League 2024/2025
dwdgvwehx5372pi2yk6xydvdg,15,2025-05-10Z,14:00:00Z,2025-05-10,15:00:00,36,2,45,1,2025-06-09T22:10:25Z,Fulham vs Everton,hzqh7z0mdl3v7gwete66syxp,ehd2iemqmschhj2ec0vayztzz,9n12waklv005j8r32sfjj2eqc,Premier League 2024/2025
dty4j83gea09kfzprisk5x3pw,15,2025-05-05Z,19:00:00Z,2025-05-05,20:00:00,35,2,45,1,2025-06-14T23:56:55Z,Crystal Palace vs Nottingham Forest,1c8m2ko0wxq1asfkuykurdr0y,1qtaiy11gswx327s0vkibf70n,9n12waklv005j8r32sfjj2eqc,Premier League 2024/2025
dtjmobwjxb276zm1buqsuta1g,15,2025-05-04Z,15:30:00Z,2025-05-04,16:30:00,35,2,45,1,2025-06-16T15:03:37Z,Chelsea vs Liverpool,9q0arba2kbnywth8bkxlhgmdr,c8h9bw1l82s06h77xxrelzhur,9n12waklv005j8r32sfjj2eqc,Premier League 2024/2025
dvkecouc389spo0cgbao2giz8,15,2025-05-04Z,13:00:00Z,2025-05-04,14:00:00,35,2,45,1,2025-06-09T11:30:16Z,West Ham United vs Tottenham Hotspur,4txjdaqveermfryvbfrr4taf7,22doj4sgsocqpxw45h607udje,9n12waklv005j8r32sfjj2eqc,Premier League 2024/2025
dt55benceoh9jx9kcbv8d5bf8,15,2025-05-04Z,13:00:00Z,2025-05-04,14:00:00,35,2,45,1,2025-06-09T22:53:33Z,Brighton & Hove Albion vs Newcastle United,e5p0ehyguld7egzhiedpdnc3w,7vn2i2kd35zuetw6b38gw9jsz,9n12waklv005j8r32sfjj2eqc,Premier League 2024/2025
dsqmvi28s9tg0vpdb3aaylxck,15,2025-05-04Z,13:00:00Z,2025-05-04,14:00:00,35,2,45,1,2025-06-13T08:45:44Z,Brentford vs Manchester United,7yx5dqhhphyvfisohikodajhv,6eqit8ye8aomdsrrq0hk3v7gh,9n12waklv005j8r32sfjj2eqc,Premier League 2024/2025
drvjj5tiohncms5x6tbe1v8k4,15,2025-05-03Z,16:30:00Z,2025-05-03,17:30:00,35,2,45,1,2025-06-17T10:51:38Z,Arsenal vs AFC Bournemouth,4dsgumo7d4zupm2ugsvm4zm4d,1pse9ta7a45pi2w2grjim70ge,9n12waklv005j8r32sfjj2eqc,Premier League 2024/2025
durizwtryb1x78z1fnx07q2hg,15,2025-05-03Z,14:00:00Z,2025-05-03,15:00:00,35,2,45,1,2025-06-01T11:20:53Z,Leicester City vs Southampton,avxknfz4f6ob0rv9dbnxdzde0,d5ydtvt96bv7fq04yqm2w2632,9n12waklv005j8r32sfjj2eqc,Premier League 2024/2025
ducrivfr5mdk38zys5ytlx638,15,2025-05-03Z,14:00:00Z,2025-05-03,15:00:00,35,2,45,1,2025-06-16T08:36:29Z,Everton vs Ipswich Town,ehd2iemqmschhj2ec0vayztzz,8b523ujgl21tbc01me65q0aoh,9n12waklv005j8r32sfjj2eqc,Premier League 2024/2025
dsbvqs1ygy801yd7h0gwq6wwk,15,2025-05-03Z,11:30:00Z,2025-05-03,12:30:00,35,2,45,1,2025-06-17T13:09:37Z,Aston Villa vs Fulham,b496gs285it6bheuikox6z9mj,hzqh7z0mdl3v7gwete66syxp,9n12waklv005j8r32sfjj2eqc,Premier League 2024/2025
dv5ww0b6n7dh1n58pb6ui76dw,15,2025-05-02Z,19:00:00Z,2025-05-02,20:00:00,35,2,45,1,2025-06-16T15:19:28Z,Manchester City vs Wolverhampton Wanderers,a3nyxabgsqlnqfkeg41m6tnpp,b9si1jn1lfxfund69e9ogcu2n,9n12waklv005j8r32sfjj2eqc,Premier League 2024/2025
dqndz9pbn7dphc5d6e0v9m4no,15,2025-05-01Z,18:30:00Z,2025-05-01,19:30:00,34,2,45,1,2025-06-14T23:56:55Z,Nottingham Forest vs Brentford,1qtaiy11gswx327s0vkibf70n,7yx5dqhhphyvfisohikodajhv,9n12waklv005j8r32sfjj2eqc,Premier League 2024/2025
dpff9nie1hwt0cjg7ovdon21g,15,2025-04-27Z,15:30:00Z,2025-04-27,16:30:00,34,2,45,1,2025-06-09T09:53:35Z,Liverpool vs Tottenham Hotspur,c8h9bw1l82s06h77xxrelzhur,22doj4sgsocqpxw45h607udje,9n12waklv005j8r32sfjj2eqc,Premier League 2024/2025
dnq6oznyctnf9f67b8rbim2vo,15,2025-04-27Z,13:00:00Z,2025-04-27,14:00:00,34,2,45,1,2025-06-13T08:02:18Z,AFC Bournemouth vs Manchester United,1pse9ta7a45pi2w2grjim70ge,6eqit8ye8aomdsrrq0hk3v7gh,9n12waklv005j8r32sfjj2eqc,Premier League 2024/2025
drgxg2q9lyaanva6off31n85w,15,2025-04-26Z,14:00:00Z,2025-04-26,15:00:00,34,2,45,1,2025-06-11T19:11:29Z,Wolverhampton Wanderers vs Leicester City,b9si1jn1lfxfund69e9ogcu2n,avxknfz4f6ob0rv9dbnxdzde0,9n12waklv005j8r32sfjj2eqc,Premier League 2024/2025
dr27e7kkc83uprtbhixvuye50,15,2025-04-26Z,14:00:00Z,2025-04-26,15:00:00,34,2,45,1,2025-06-04T22:33:31Z,Southampton vs Fulham,d5ydtvt96bv7fq04yqm2w2632,hzqh7z0mdl3v7gwete66syxp,9n12waklv005j8r32sfjj2eqc,Premier League 2024/2025
dq8r33tml1l76ot3gt361p3bo,15,2025-04-26Z,14:00:00Z,2025-04-26,15:00:00,34,2,45,1,2025-06-16T08:36:32Z,Newcastle United vs Ipswich Town,7vn2i2kd35zuetw6b38gw9jsz,8b523ujgl21tbc01me65q0aoh,9n12waklv005j8r32sfjj2eqc,Premier League 2024/2025
doktb30pfnh9eez9fav8uwsgk,15,2025-04-26Z,14:00:00Z,2025-04-26,15:00:00,34,2,45,1,2025-06-09T22:53:32Z,Brighton & Hove Albion vs West Ham United,e5p0ehyguld7egzhiedpdnc3w,4txjdaqveermfryvbfrr4taf7,9n12waklv005j8r32sfjj2eqc,Premier League 2024/2025
dp0cvzw72d7baevsf149uaqdw,15,2025-04-26Z,11:30:00Z,2025-04-26,12:30:00,34,2,45,1,2025-06-16T15:03:38Z,Chelsea vs Everton,9q0arba2kbnywth8bkxlhgmdr,ehd2iemqmschhj2ec0vayztzz,9n12waklv005j8r32sfjj2eqc,Premier League 2024/2025
do5ertwz5kefkxoyelso7xpg4,15,2025-04-23Z,19:00:00Z,2025-04-23,20:00:00,34,2,45,1,2025-06-17T10:51:41Z,Arsenal vs Crystal Palace,4dsgumo7d4zupm2ugsvm4zm4d,1c8m2ko0wxq1asfkuykurdr0y,9n12waklv005j8r32sfjj2eqc,Premier League 2024/2025
dpu5hhj5p5c0yy1emku249z4k,15,2025-04-22Z,19:00:00Z,2025-04-22,20:00:00,34,2,45,1,2025-06-17T13:09:37Z,Manchester City vs Aston Villa,a3nyxabgsqlnqfkeg41m6tnpp,b496gs285it6bheuikox6z9mj,9n12waklv005j8r32sfjj2eqc,Premier League 2024/2025
dmwcnljveuulrz25pdklgt5p0,15,2025-04-21Z,19:00:00Z,2025-04-21,20:00:00,33,2,45,1,2025-06-14T23:56:54Z,Tottenham Hotspur vs Nottingham Forest,22doj4sgsocqpxw45h607udje,1qtaiy11gswx327s0vkibf70n,9n12waklv005j8r32sfjj2eqc,Premier League 2024/2025
dm1al5n42khl2j7csf73em9zo,15,2025-04-20Z,15:30:00Z,2025-04-20,16:30:00,33,2,45,1,2025-06-04T08:34:09Z,Leicester City vs Liverpool,avxknfz4f6ob0rv9dbnxdzde0,c8h9bw1l82s06h77xxrelzhur,9n12waklv005j8r32sfjj2eqc,Premier League 2024/2025
dmfumnyqotxe4tfv5dt39h1ck,15,2025-04-20Z,13:00:00Z,2025-04-20,14:00:00,33,2,45,1,2025-06-11T19:11:29Z,Manchester United vs Wolverhampton Wanderers,6eqit8ye8aomdsrrq0hk3v7gh,b9si1jn1lfxfund69e9ogcu2n,9n12waklv005j8r32sfjj2eqc,Premier League 2024/2025
dlm0lnxmiaxcsozg8mwvn9rf8,15,2025-04-20Z,13:00:00Z,2025-04-20,14:00:00,33,2,45,1,2025-06-17T10:51:38Z,Ipswich Town vs Arsenal,8b523ujgl21tbc01me65q0aoh,4dsgumo7d4zupm2ugsvm4zm4d,9n12waklv005j8r32sfjj2eqc,Premier League 2024/2025
dl6trlh4efequvi1jx44q4pw4,15,2025-04-20Z,13:00:00Z,2025-04-20,14:00:00,33,2,45,1,2025-06-16T15:03:37Z,Fulham vs Chelsea,hzqh7z0mdl3v7gwete66syxp,9q0arba2kbnywth8bkxlhgmdr,9n12waklv005j8r32sfjj2eqc,Premier League 2024/2025
djl0m3wa0aizsyaushkdf4xlg,15,2025-04-19Z,16:30:00Z,2025-04-19,17:30:00,33,2,45,1,2025-06-17T13:09:37Z,Aston Villa vs Newcastle United,b496gs285it6bheuikox6z9mj,7vn2i2kd35zuetw6b38gw9jsz,9n12waklv005j8r32sfjj2eqc,Premier League 2024/2025
dnatphxv9nt52gjl7jhqgzggk,15,2025-04-19Z,14:00:00Z,2025-04-19,15:00:00,33,2,45,1,2025-06-09T11:30:16Z,West Ham United vs Southampton,4txjdaqveermfryvbfrr4taf7,d5ydtvt96bv7fq04yqm2w2632,9n12waklv005j8r32sfjj2eqc,Premier League 2024/2025
dksfzyg1sck83blg6aqsgosgk,15,2025-04-19Z,14:00:00Z,2025-04-19,15:00:00,33,2,45,1,2025-06-16T15:19:27Z,Everton vs Manchester City,ehd2iemqmschhj2ec0vayztzz,a3nyxabgsqlnqfkeg41m6tnpp,9n12waklv005j8r32sfjj2eqc,Premier League 2024/2025
dke1150q5yoz4hz9zomljqolw,15,2025-04-19Z,14:00:00Z,2025-04-19,15:00:00,33,2,45,1,2025-06-13T08:02:19Z,Crystal Palace vs AFC Bournemouth,1c8m2ko0wxq1asfkuykurdr0y,1pse9ta7a45pi2w2grjim70ge,9n12waklv005j8r32sfjj2eqc,Premier League 2024/2025
djzj5x3cq4kxalvwn302vmtjo,15,2025-04-19Z,14:00:00Z,2025-04-19,15:00:00,33,2,45,1,2025-06-13T08:45:44Z,Brentford vs Brighton & Hove Albion,7yx5dqhhphyvfisohikodajhv,e5p0ehyguld7egzhiedpdnc3w,9n12waklv005j8r32sfjj2eqc,Premier League 2024/2025
d6mb8tjc4uuudcy7gz9xcysr8,15,2025-04-16Z,18:30:00Z,2025-04-16,19:30:00,29,2,45,1,2025-06-09T23:11:24Z,Newcastle United vs Crystal Palace,7vn2i2kd35zuetw6b38gw9jsz,1c8m2ko0wxq1asfkuykurdr0y,9n12waklv005j8r32sfjj2eqc,Premier League 2024/2025
dfhjo3usa3fmon5n36gz1jz84,15,2025-04-14Z,19:00:00Z,2025-04-14,20:00:00,32,2,45,1,2025-06-13T08:02:18Z,AFC Bournemouth vs Fulham,1pse9ta7a45pi2w2grjim70ge,hzqh7z0mdl3v7gwete66syxp,9n12waklv005j8r32sfjj2eqc,Premier League 2024/2025
dhye4d4eup5xqnshzarodz5zo,15,2025-04-13Z,15:30:00Z,2025-04-13,16:30:00,32,2,45,1,2025-06-10T11:00:01Z,Newcastle United vs Manchester United,7vn2i2kd35zuetw6b38gw9jsz,6eqit8ye8aomdsrrq0hk3v7gh,9n12waklv005j8r32sfjj2eqc,Premier League 2024/2025
dj6hkaws89p3ieisuep40zbpw,15,2025-04-13Z,13:00:00Z,2025-04-13,14:00:00,32,2,45,1,2025-06-11T19:11:29Z,Wolverhampton Wanderers vs Tottenham Hotspur,b9si1jn1lfxfund69e9ogcu2n,22doj4sgsocqpxw45h607udje,9n12waklv005j8r32sfjj2eqc,Premier League 2024/2025
dh5b3steuep4gcg8vrgoqa904,15,2025-04-13Z,13:00:00Z,2025-04-13,14:00:00,32,2,45,1,2025-06-09T11:30:16Z,Liverpool vs West Ham United,c8h9bw1l82s06h77xxrelzhur,4txjdaqveermfryvbfrr4taf7,9n12waklv005j8r32sfjj2eqc,Premier League 2024/2025
dgopni5re2glt63kn65pb8gt0,15,2025-04-13Z,13:00:00Z,2025-04-13,14:00:00,32,2,45,1,2025-06-16T15:03:37Z,Chelsea vs Ipswich Town,9q0arba2kbnywth8bkxlhgmdr,8b523ujgl21tbc01me65q0aoh,9n12waklv005j8r32sfjj2eqc,Premier League 2024/2025
dfvzwtm2nz3yc4ggh46kt1w5w,15,2025-04-12Z,16:30:00Z,2025-04-12,17:30:00,32,2,45,1,2025-06-17T10:51:39Z,Arsenal vs Brentford,4dsgumo7d4zupm2ugsvm4zm4d,7yx5dqhhphyvfisohikodajhv,9n12waklv005j8r32sfjj2eqc,Premier League 2024/2025
dis4d05x90f8foqzqzieaszro,15,2025-04-12Z,14:00:00Z,2025-04-12,15:00:00,32,2,45,1,2025-06-17T13:09:37Z,Southampton vs Aston Villa,d5ydtvt96bv7fq04yqm2w2632,b496gs285it6bheuikox6z9mj,9n12waklv005j8r32sfjj2eqc,Premier League 2024/2025
did9iectb95c3dqkixq33tmhg,15,2025-04-12Z,14:00:00Z,2025-04-12,15:00:00,32,2,45,1,2025-06-14T23:56:54Z,Nottingham Forest vs Everton,1qtaiy11gswx327s0vkibf70n,ehd2iemqmschhj2ec0vayztzz,9n12waklv005j8r32sfjj2eqc,Premier League 2024/2025
dgab81dvfzgn4me7oad6afwus,15,2025-04-12Z,14:00:00Z,2025-04-12,15:00:00,32,2,45,1,2025-06-09T22:53:33Z,Brighton & Hove Albion vs Leicester City,e5p0ehyguld7egzhiedpdnc3w,avxknfz4f6ob0rv9dbnxdzde0,9n12waklv005j8r32sfjj2eqc,Premier League 2024/2025
dhjze23fkl8jqxz0jy1ajdudw,15,2025-04-12Z,11:30:00Z,2025-04-12,12:30:00,32,2,45,1,2025-06-16T15:19:27Z,Manchester City vs Crystal Palace,a3nyxabgsqlnqfkeg41m6tnpp,1c8m2ko0wxq1asfkuykurdr0y,9n12waklv005j8r32sfjj2eqc,Premier League 2024/2025
ddvwkrjrlpekrmce3wffevhuc,15,2025-04-07Z,19:00:00Z,2025-04-07,20:00:00,31,2,45,1,2025-06-07T12:52:04Z,Leicester City vs Newcastle United,avxknfz4f6ob0rv9dbnxdzde0,7vn2i2kd35zuetw6b38gw9jsz,9n12waklv005j8r32sfjj2eqc,Premier League 2024/2025
deac69jewl1gslhollez6n40k,15,2025-04-06Z,15:30:00Z,2025-04-06,16:30:00,31,2,45,1,2025-06-16T15:19:27Z,Manchester United vs Manchester City,6eqit8ye8aomdsrrq0hk3v7gh,a3nyxabgsqlnqfkeg41m6tnpp,9n12waklv005j8r32sfjj2eqc,Premier League 2024/2025
deopnn0h9vgbfpop8r5jpkt90,15,2025-04-06Z,13:00:00Z,2025-04-06,14:00:00,31,2,45,1,2025-06-09T09:53:36Z,Tottenham Hotspur vs Southampton,22doj4sgsocqpxw45h607udje,d5ydtvt96bv7fq04yqm2w2632,9n12waklv005j8r32sfjj2eqc,Premier League 2024/2025
dd36081pd40wo6xhcetvtslqs,15,2025-04-06Z,13:00:00Z,2025-04-06,14:00:00,31,2,45,1,2025-06-04T22:33:30Z,Fulham vs Liverpool,hzqh7z0mdl3v7gwete66syxp,c8h9bw1l82s06h77xxrelzhur,9n12waklv005j8r32sfjj2eqc,Premier League 2024/2025
dbvss9t801ingw4e9ucfjdzx0,15,2025-04-06Z,13:00:00Z,2025-04-06,14:00:00,31,2,45,1,2025-06-16T15:03:37Z,Brentford vs Chelsea,7yx5dqhhphyvfisohikodajhv,9q0arba2kbnywth8bkxlhgmdr,9n12waklv005j8r32sfjj2eqc,Premier League 2024/2025
dbfbhyoh7pdfy9artap3x5o2c,15,2025-04-05Z,16:30:00Z,2025-04-05,17:30:00,31,2,45,1,2025-06-17T13:09:37Z,Aston Villa vs Nottingham Forest,b496gs285it6bheuikox6z9mj,1qtaiy11gswx327s0vkibf70n,9n12waklv005j8r32sfjj2eqc,Premier League 2024/2025
df36x2lekcurbztqrdq7p3s44,15,2025-04-05Z,14:00:00Z,2025-04-05,15:00:00,31,2,45,1,2025-06-13T08:02:18Z,West Ham United vs AFC Bournemouth,4txjdaqveermfryvbfrr4taf7,1pse9ta7a45pi2w2grjim70ge,9n12waklv005j8r32sfjj2eqc,Premier League 2024/2025
ddhkfoe899tgbhjxzmhqah89g,15,2025-04-05Z,14:00:00Z,2025-04-05,15:00:00,31,2,45,1,2025-06-16T08:36:28Z,Ipswich Town vs Wolverhampton Wanderers,8b523ujgl21tbc01me65q0aoh,b9si1jn1lfxfund69e9ogcu2n,9n12waklv005j8r32sfjj2eqc,Premier League 2024/2025
dca9s2gcvmek33tg8j6he6yhg,15,2025-04-05Z,14:00:00Z,2025-04-05,15:00:00,31,2,45,1,2025-06-09T23:11:22Z,Crystal Palace vs Brighton & Hove Albion,1c8m2ko0wxq1asfkuykurdr0y,e5p0ehyguld7egzhiedpdnc3w,9n12waklv005j8r32sfjj2eqc,Premier League 2024/2025
dcopj8n08d4s99zdugegg6fx0,15,2025-04-05Z,11:30:00Z,2025-04-05,12:30:00,31,2,45,1,2025-06-17T10:51:38Z,Everton vs Arsenal,ehd2iemqmschhj2ec0vayztzz,4dsgumo7d4zupm2ugsvm4zm4d,9n12waklv005j8r32sfjj2eqc,Premier League 2024/2025
d9es5inp46bdiek2mkt5ilono,15,2025-04-03Z,19:00:00Z,2025-04-03,20:00:00,30,2,45,1,2025-06-16T15:03:37Z,Chelsea vs Tottenham Hotspur,9q0arba2kbnywth8bkxlhgmdr,22doj4sgsocqpxw45h607udje,9n12waklv005j8r32sfjj2eqc,Premier League 2024/2025
d9timyrj2vuaokc7y292yqr6c,15,2025-04-02Z,19:00:00Z,2025-04-02,20:00:00,30,2,45,1,2025-06-09T22:10:25Z,Liverpool vs Everton,c8h9bw1l82s06h77xxrelzhur,ehd2iemqmschhj2ec0vayztzz,9n12waklv005j8r32sfjj2eqc,Premier League 2024/2025
db0r4qixb5rb04zp09irwff2s,15,2025-04-02Z,18:45:00Z,2025-04-02,19:45:00,30,2,45,1,2025-06-09T23:11:22Z,Southampton vs Crystal Palace,d5ydtvt96bv7fq04yqm2w2632,1c8m2ko0wxq1asfkuykurdr0y,9n12waklv005j8r32sfjj2eqc,Premier League 2024/2025
dam9kp85r3jshqchiklw9a978,15,2025-04-02Z,18:45:00Z,2025-04-02,19:45:00,30,2,45,1,2025-06-13T08:45:48Z,Newcastle United vs Brentford,7vn2i2kd35zuetw6b38gw9jsz,7yx5dqhhphyvfisohikodajhv,9n12waklv005j8r32sfjj2eqc,Premier League 2024/2025
da7wi9vbpxykponpnmvk3yluc,15,2025-04-02Z,18:45:00Z,2025-04-02,19:45:00,30,2,45,1,2025-06-16T15:19:27Z,Manchester City vs Leicester City,a3nyxabgsqlnqfkeg41m6tnpp,avxknfz4f6ob0rv9dbnxdzde0,9n12waklv005j8r32sfjj2eqc,Premier League 2024/2025
d87eb46gm3k4fdadkhzn9i6fo,15,2025-04-02Z,18:45:00Z,2025-04-02,19:45:00,30,2,45,1,2025-06-17T13:09:37Z,Brighton & Hove Albion vs Aston Villa,e5p0ehyguld7egzhiedpdnc3w,b496gs285it6bheuikox6z9mj,9n12waklv005j8r32sfjj2eqc,Premier League 2024/2025
d7eqtz6284ld8gdveap9a0x78,15,2025-04-02Z,18:45:00Z,2025-04-02,19:45:00,30,2,45,1,2025-06-16T08:36:28Z,AFC Bournemouth vs Ipswich Town,1pse9ta7a45pi2w2grjim70ge,8b523ujgl21tbc01me65q0aoh,9n12waklv005j8r32sfjj2eqc,Premier League 2024/2025
d8lufn32mewba6msczq3kfb4k,15,2025-04-01Z,19:00:00Z,2025-04-01,20:00:00,30,2,45,1,2025-06-14T23:56:54Z,Nottingham Forest vs Manchester United,1qtaiy11gswx327s0vkibf70n,6eqit8ye8aomdsrrq0hk3v7gh,9n12waklv005j8r32sfjj2eqc,Premier League 2024/2025
d909c2qiiecm9b2hdvp67fr4k,15,2025-04-01Z,18:45:00Z,2025-04-01,19:45:00,30,2,45,1,2025-06-10T15:30:16Z,Wolverhampton Wanderers vs West Ham United,b9si1jn1lfxfund69e9ogcu2n,4txjdaqveermfryvbfrr4taf7,9n12waklv005j8r32sfjj2eqc,Premier League 2024/2025
d7t2grnfncndhrff5hw07zac4,15,2025-04-01Z,18:45:00Z,2025-04-01,19:45:00,30,2,45,1,2025-06-17T10:51:38Z,Arsenal vs Fulham,4dsgumo7d4zupm2ugsvm4zm4d,hzqh7z0mdl3v7gwete66syxp,9n12waklv005j8r32sfjj2eqc,Premier League 2024/2025
d5s014qbv0qaja40xc4jeyhas,15,2025-03-16Z,19:00:00Z,2025-03-16,19:00:00,29,2,45,1,2025-06-10T11:00:01Z,Leicester City vs Manchester United,avxknfz4f6ob0rv9dbnxdzde0,6eqit8ye8aomdsrrq0hk3v7gh,9n12waklv005j8r32sfjj2eqc,Premier League 2024/2025
d4zfky37sp4pkalieiafojl78,15,2025-03-16Z,13:30:00Z,2025-03-16,13:30:00,29,2,45,1,2025-06-09T09:53:33Z,Fulham vs Tottenham Hotspur,hzqh7z0mdl3v7gwete66syxp,22doj4sgsocqpxw45h607udje,9n12waklv005j8r32sfjj2eqc,Premier League 2024/2025
d3rcvipacjx336ecjz8pblwd0,15,2025-03-16Z,13:30:00Z,2025-03-16,13:30:00,29,2,45,1,2025-06-17T10:51:38Z,Arsenal vs Chelsea,4dsgumo7d4zupm2ugsvm4zm4d,9q0arba2kbnywth8bkxlhgmdr,9n12waklv005j8r32sfjj2eqc,Premier League 2024/2025
d3cfd3kbs46gl1q9126b2j3f8,15,2025-03-15Z,17:30:00Z,2025-03-15,17:30:00,29,2,45,1,2025-06-13T08:45:44Z,AFC Bournemouth vs Brentford,1pse9ta7a45pi2w2grjim70ge,7yx5dqhhphyvfisohikodajhv,9n12waklv005j8r32sfjj2eqc,Premier League 2024/2025
d70gdgndr3wcj8xnt5dija5n8,15,2025-03-15Z,15:00:00Z,2025-03-15,15:00:00,29,2,45,1,2025-06-11T19:11:30Z,Southampton vs Wolverhampton Wanderers,d5ydtvt96bv7fq04yqm2w2632,b9si1jn1lfxfund69e9ogcu2n,9n12waklv005j8r32sfjj2eqc,Premier League 2024/2025
d66d75te4kygw09rc1e9dgg0k,15,2025-03-15Z,15:00:00Z,2025-03-15,15:00:00,29,2,45,1,2025-06-16T15:19:29Z,Manchester City vs Brighton & Hove Albion,a3nyxabgsqlnqfkeg41m6tnpp,e5p0ehyguld7egzhiedpdnc3w,9n12waklv005j8r32sfjj2eqc,Premier League 2024/2025
d5drzqqpvkgvi0bc0qquabfo4,15,2025-03-15Z,15:00:00Z,2025-03-15,15:00:00,29,2,45,1,2025-06-16T08:36:28Z,Ipswich Town vs Nottingham Forest,8b523ujgl21tbc01me65q0aoh,1qtaiy11gswx327s0vkibf70n,9n12waklv005j8r32sfjj2eqc,Premier League 2024/2025
d4kvawq799xwz0xyss3lx65g4,15,2025-03-15Z,15:00:00Z,2025-03-15,15:00:00,29,2,45,1,2025-06-09T22:10:25Z,Everton vs West Ham United,ehd2iemqmschhj2ec0vayztzz,4txjdaqveermfryvbfrr4taf7,9n12waklv005j8r32sfjj2eqc,Premier League 2024/2025
d2jagiufw40z811bzanaipfro,15,2025-03-10Z,20:00:00Z,2025-03-10,20:00:00,28,2,45,1,2025-06-09T11:30:16Z,West Ham United vs Newcastle United,4txjdaqveermfryvbfrr4taf7,7vn2i2kd35zuetw6b38gw9jsz,9n12waklv005j8r32sfjj2eqc,Premier League 2024/2025
d1bx99scogod2lz819u36qmfo,15,2025-03-09Z,16:30:00Z,2025-03-09,16:30:00,28,2,45,1,2025-06-17T10:51:38Z,Manchester United vs Arsenal,6eqit8ye8aomdsrrq0hk3v7gh,4dsgumo7d4zupm2ugsvm4zm4d,9n12waklv005j8r32sfjj2eqc,Premier League 2024/2025
d24tmp2degdumbdd8lapwuk9g,15,2025-03-09Z,14:00:00Z,2025-03-09,14:00:00,28,2,45,1,2025-06-13T08:02:18Z,Tottenham Hotspur vs AFC Bournemouth,22doj4sgsocqpxw45h607udje,1pse9ta7a45pi2w2grjim70ge,9n12waklv005j8r32sfjj2eqc,Premier League 2024/2025
d00nbti2jdeqzwwno0lq7zok4,15,2025-03-09Z,14:00:00Z,2025-03-09,14:00:00,28,2,45,1,2025-06-16T15:03:37Z,Chelsea vs Leicester City,9q0arba2kbnywth8bkxlhgmdr,avxknfz4f6ob0rv9dbnxdzde0,9n12waklv005j8r32sfjj2eqc,Premier League 2024/2025
d2xpx8uyo9mk8cqrtv7x6hst0,15,2025-03-08Z,20:00:00Z,2025-03-08,20:00:00,28,2,45,1,2025-06-11T19:11:29Z,Wolverhampton Wanderers vs Everton,b9si1jn1lfxfund69e9ogcu2n,ehd2iemqmschhj2ec0vayztzz,9n12waklv005j8r32sfjj2eqc,Premier League 2024/2025
cz68m95o7oacsc9qpoc8n4tn8,15,2025-03-08Z,17:30:00Z,2025-03-08,17:30:00,28,2,45,1,2025-06-17T13:09:45Z,Brentford vs Aston Villa,7yx5dqhhphyvfisohikodajhv,b496gs285it6bheuikox6z9mj,9n12waklv005j8r32sfjj2eqc,Premier League 2024/2025
d0x1goion7o4056jej5yivrbo,15,2025-03-08Z,15:00:00Z,2025-03-08,15:00:00,28,2,45,1,2025-06-04T08:34:09Z,Liverpool vs Southampton,c8h9bw1l82s06h77xxrelzhur,d5ydtvt96bv7fq04yqm2w2632,9n12waklv005j8r32sfjj2eqc,Premier League 2024/2025
d0fn05ld3ohh4zolzok42dmok,15,2025-03-08Z,15:00:00Z,2025-03-08,15:00:00,28,2,45,1,2025-06-16T08:36:29Z,Crystal Palace vs Ipswich Town,1c8m2ko0wxq1asfkuykurdr0y,8b523ujgl21tbc01me65q0aoh,9n12waklv005j8r32sfjj2eqc,Premier League 2024/2025
czldal9ynh5u4me7mj9kmnm6s,15,2025-03-08Z,15:00:00Z,2025-03-08,15:00:00,28,2,45,1,2025-06-09T22:53:34Z,Brighton & Hove Albion vs Fulham,e5p0ehyguld7egzhiedpdnc3w,hzqh7z0mdl3v7gwete66syxp,9n12waklv005j8r32sfjj2eqc,Premier League 2024/2025
d1qggji02phsefv7fcnu37cic,15,2025-03-08Z,12:30:00Z,2025-03-08,12:30:00,28,2,45,1,2025-06-16T15:19:29Z,Nottingham Forest vs Manchester City,1qtaiy11gswx327s0vkibf70n,a3nyxabgsqlnqfkeg41m6tnpp,9n12waklv005j8r32sfjj2eqc,Premier League 2024/2025
cx5iomiqn1gvchv34c2hh03dg,15,2025-02-27Z,20:00:00Z,2025-02-27,20:00:00,27,2,45,1,2025-06-09T11:30:16Z,West Ham United vs Leicester City,4txjdaqveermfryvbfrr4taf7,avxknfz4f6ob0rv9dbnxdzde0,9n12waklv005j8r32sfjj2eqc,Premier League 2024/2025
cycxow0z81dhrswp0074dhp1w,15,2025-02-26Z,20:15:00Z,2025-02-26,20:15:00,27,2,45,1,2025-06-07T12:52:04Z,Liverpool vs Newcastle United,c8h9bw1l82s06h77xxrelzhur,7vn2i2kd35zuetw6b38gw9jsz,9n12waklv005j8r32sfjj2eqc,Premier League 2024/2025
cyrm38ygfd7f3oa4u3rrgclxw,15,2025-02-26Z,19:30:00Z,2025-02-26,19:30:00,27,2,45,1,2025-06-16T08:36:28Z,Manchester United vs Ipswich Town,6eqit8ye8aomdsrrq0hk3v7gh,8b523ujgl21tbc01me65q0aoh,9n12waklv005j8r32sfjj2eqc,Premier League 2024/2025
cwr3srzqw7pqlcwu54j6he49g,15,2025-02-26Z,19:30:00Z,2025-02-26,19:30:00,27,2,45,1,2025-06-16T15:19:29Z,Tottenham Hotspur vs Manchester City,22doj4sgsocqpxw45h607udje,a3nyxabgsqlnqfkeg41m6tnpp,9n12waklv005j8r32sfjj2eqc,Premier League 2024/2025
cwcq9jqfo2k109markfujdkwk,15,2025-02-26Z,19:30:00Z,2025-02-26,19:30:00,27,2,45,1,2025-06-17T10:51:37Z,Nottingham Forest vs Arsenal,1qtaiy11gswx327s0vkibf70n,4dsgumo7d4zupm2ugsvm4zm4d,9n12waklv005j8r32sfjj2eqc,Premier League 2024/2025
cv3tiv5ru5bb5tcb6nuge4cgk,15,2025-02-26Z,19:30:00Z,2025-02-26,19:30:00,27,2,45,1,2025-06-13T08:45:44Z,Brentford vs Everton,7yx5dqhhphyvfisohikodajhv,ehd2iemqmschhj2ec0vayztzz,9n12waklv005j8r32sfjj2eqc,Premier League 2024/2025
cxyii49crq90gqa1amt6nbg9g,15,2025-02-25Z,20:15:00Z,2025-02-25,20:15:00,27,2,45,1,2025-06-16T15:03:37Z,Chelsea vs Southampton,9q0arba2kbnywth8bkxlhgmdr,d5ydtvt96bv7fq04yqm2w2632,9n12waklv005j8r32sfjj2eqc,Premier League 2024/2025
cxk2lpo4c91wfp2oka60z5gk4,15,2025-02-25Z,19:30:00Z,2025-02-25,19:30:00,27,2,45,1,2025-06-10T15:30:15Z,Wolverhampton Wanderers vs Fulham,b9si1jn1lfxfund69e9ogcu2n,hzqh7z0mdl3v7gwete66syxp,9n12waklv005j8r32sfjj2eqc,Premier League 2024/2025
cvya3ffjz705z0y4df7n3s1lg,15,2025-02-25Z,19:30:00Z,2025-02-25,19:30:00,27,2,45,1,2025-06-17T13:09:44Z,Crystal Palace vs Aston Villa,1c8m2ko0wxq1asfkuykurdr0y,b496gs285it6bheuikox6z9mj,9n12waklv005j8r32sfjj2eqc,Premier League 2024/2025
cvk0erynir4aj77er9ldbjm6s,15,2025-02-25Z,19:30:00Z,2025-02-25,19:30:00,27,2,45,1,2025-06-13T08:02:18Z,Brighton & Hove Albion vs AFC Bournemouth,e5p0ehyguld7egzhiedpdnc3w,1pse9ta7a45pi2w2grjim70ge,9n12waklv005j8r32sfjj2eqc,Premier League 2024/2025
ctwk908pkro7x2g9zqebvup78,15,2025-02-23Z,16:30:00Z,2025-02-23,16:30:00,26,2,45,1,2025-06-16T15:19:29Z,Manchester City vs Liverpool,a3nyxabgsqlnqfkeg41m6tnpp,c8h9bw1l82s06h77xxrelzhur,9n12waklv005j8r32sfjj2eqc,Premier League 2024/2025
cuazu03g3y1uytoepfuvwzcic,15,2025-02-23Z,14:00:00Z,2025-02-23,14:00:00,26,2,45,1,2025-06-14T23:56:54Z,Newcastle United vs Nottingham Forest,7vn2i2kd35zuetw6b38gw9jsz,1qtaiy11gswx327s0vkibf70n,9n12waklv005j8r32sfjj2eqc,Premier League 2024/2025
crwsvmnv5qlznfhxoy2lcmolw,15,2025-02-22Z,17:30:00Z,2025-02-22,17:30:00,26,2,45,1,2025-06-17T13:09:40Z,Aston Villa vs Chelsea,b496gs285it6bheuikox6z9mj,9q0arba2kbnywth8bkxlhgmdr,9n12waklv005j8r32sfjj2eqc,Premier League 2024/2025
cuph91qk6oiju1flpy0ke6jh0,15,2025-02-22Z,15:00:00Z,2025-02-22,15:00:00,26,2,45,1,2025-06-09T22:53:32Z,Southampton vs Brighton & Hove Albion,d5ydtvt96bv7fq04yqm2w2632,e5p0ehyguld7egzhiedpdnc3w,9n12waklv005j8r32sfjj2eqc,Premier League 2024/2025
ct3v47gdfeoinneo90iij4g7o,15,2025-02-22Z,15:00:00Z,2025-02-22,15:00:00,26,2,45,1,2025-06-16T08:36:28Z,Ipswich Town vs Tottenham Hotspur,8b523ujgl21tbc01me65q0aoh,22doj4sgsocqpxw45h607udje,9n12waklv005j8r32sfjj2eqc,Premier League 2024/2025
cspm52r4xvet3vz4kywzdug44,15,2025-02-22Z,15:00:00Z,2025-02-22,15:00:00,26,2,45,1,2025-06-09T23:11:22Z,Fulham vs Crystal Palace,hzqh7z0mdl3v7gwete66syxp,1c8m2ko0wxq1asfkuykurdr0y,9n12waklv005j8r32sfjj2eqc,Premier League 2024/2025
crimjcxsi4pvyoqs8ba8anuvo,15,2025-02-22Z,15:00:00Z,2025-02-22,15:00:00,26,2,45,1,2025-06-17T10:51:41Z,Arsenal vs West Ham United,4dsgumo7d4zupm2ugsvm4zm4d,4txjdaqveermfryvbfrr4taf7,9n12waklv005j8r32sfjj2eqc,Premier League 2024/2025
cr478ah86yeijofn0gr02xgyc,15,2025-02-22Z,15:00:00Z,2025-02-22,15:00:00,26,2,45,1,2025-06-13T08:02:18Z,AFC Bournemouth vs Wolverhampton Wanderers,1pse9ta7a45pi2w2grjim70ge,b9si1jn1lfxfund69e9ogcu2n,9n12waklv005j8r32sfjj2eqc,Premier League 2024/2025
csb274vne8zpiiyvsrgbnu7tg,15,2025-02-22Z,12:30:00Z,2025-02-22,12:30:00,26,2,45,1,2025-06-10T11:00:01Z,Everton vs Manchester United,ehd2iemqmschhj2ec0vayztzz,6eqit8ye8aomdsrrq0hk3v7gh,9n12waklv005j8r32sfjj2eqc,Premier League 2024/2025
cti5fsnw7o9iejwt55st6iuqc,15,2025-02-21Z,20:00:00Z,2025-02-21,20:00:00,26,2,45,1,2025-06-13T08:45:47Z,Leicester City vs Brentford,avxknfz4f6ob0rv9dbnxdzde0,7yx5dqhhphyvfisohikodajhv,9n12waklv005j8r32sfjj2eqc,Premier League 2024/2025
d45v20vumi6q174iioonrlus4,15,2025-02-19Z,19:30:00Z,2025-02-19,19:30:00,29,2,45,1,2025-06-17T13:09:39Z,Aston Villa vs Liverpool,b496gs285it6bheuikox6z9mj,c8h9bw1l82s06h77xxrelzhur,9n12waklv005j8r32sfjj2eqc,Premier League 2024/2025
cqbo1hthlgr1ri55r4wz6dgd0,15,2025-02-16Z,16:30:00Z,2025-02-16,16:30:00,25,2,45,1,2025-06-10T11:00:00Z,Tottenham Hotspur vs Manchester United,22doj4sgsocqpxw45h607udje,6eqit8ye8aomdsrrq0hk3v7gh,9n12waklv005j8r32sfjj2eqc,Premier League 2024/2025
cp2astkwfj6ge4p5yd1qiok5w,15,2025-02-16Z,14:00:00Z,2025-02-16,14:00:00,25,2,45,1,2025-06-10T15:30:15Z,Liverpool vs Wolverhampton Wanderers,c8h9bw1l82s06h77xxrelzhur,b9si1jn1lfxfund69e9ogcu2n,9n12waklv005j8r32sfjj2eqc,Premier League 2024/2025
cnugk926bf1ii0q182wdwce1g,15,2025-02-15Z,17:30:00Z,2025-02-15,17:30:00,25,2,45,1,2025-06-09T23:11:21Z,Crystal Palace vs Everton,1c8m2ko0wxq1asfkuykurdr0y,ehd2iemqmschhj2ec0vayztzz,9n12waklv005j8r32sfjj2eqc,Premier League 2024/2025
cqpu8vihq35dlp6xhs1xtbpck,15,2025-02-15Z,15:00:00Z,2025-02-15,15:00:00,25,2,45,1,2025-06-13T08:45:44Z,West Ham United vs Brentford,4txjdaqveermfryvbfrr4taf7,7yx5dqhhphyvfisohikodajhv,9n12waklv005j8r32sfjj2eqc,Premier League 2024/2025
cpvcv1mgqnqdwpu7x3kfy84d0,15,2025-02-15Z,15:00:00Z,2025-02-15,15:00:00,25,2,45,1,2025-06-13T08:02:18Z,Southampton vs AFC Bournemouth,d5ydtvt96bv7fq04yqm2w2632,1pse9ta7a45pi2w2grjim70ge,9n12waklv005j8r32sfjj2eqc,Premier League 2024/2025
cph0sbe30s5dds2gb7ihzjnro,15,2025-02-15Z,15:00:00Z,2025-02-15,15:00:00,25,2,45,1,2025-06-16T15:19:29Z,Manchester City vs Newcastle United,a3nyxabgsqlnqfkeg41m6tnpp,7vn2i2kd35zuetw6b38gw9jsz,9n12waklv005j8r32sfjj2eqc,Premier League 2024/2025
co909fkpee6zdz8qfy8wtpc0k,15,2025-02-15Z,15:00:00Z,2025-02-15,15:00:00,25,2,45,1,2025-06-14T23:56:54Z,Fulham vs Nottingham Forest,hzqh7z0mdl3v7gwete66syxp,1qtaiy11gswx327s0vkibf70n,9n12waklv005j8r32sfjj2eqc,Premier League 2024/2025
cn1iiuhfe4qsy00jp5bwq1dsk,15,2025-02-15Z,15:00:00Z,2025-02-15,15:00:00,25,2,45,1,2025-06-17T13:09:37Z,Aston Villa vs Ipswich Town,b496gs285it6bheuikox6z9mj,8b523ujgl21tbc01me65q0aoh,9n12waklv005j8r32sfjj2eqc,Premier League 2024/2025
congh2abedilcvoe6223h7rx0,15,2025-02-15Z,12:30:00Z,2025-02-15,12:30:00,25,2,45,1,2025-06-17T10:51:38Z,Leicester City vs Arsenal,avxknfz4f6ob0rv9dbnxdzde0,4dsgumo7d4zupm2ugsvm4zm4d,9n12waklv005j8r32sfjj2eqc,Premier League 2024/2025
cnfwdvk7a0irnoxxsgwcqowt0,15,2025-02-14Z,20:00:00Z,2025-02-14,20:00:00,25,2,45,1,2025-06-16T15:03:36Z,Brighton & Hove Albion vs Chelsea,e5p0ehyguld7egzhiedpdnc3w,9q0arba2kbnywth8bkxlhgmdr,9n12waklv005j8r32sfjj2eqc,Premier League 2024/2025
bjc8qxpwmoki657tezilgsmqc,15,2025-02-12Z,19:30:00Z,2025-02-12,19:30:00,15,2,45,1,2025-06-09T22:10:44Z,Everton vs Liverpool,ehd2iemqmschhj2ec0vayztzz,c8h9bw1l82s06h77xxrelzhur,9n12waklv005j8r32sfjj2eqc,Premier League 2024/2025
ck2s8ji1wff2yylcvd6wke590,15,2025-02-03Z,20:00:00Z,2025-02-03,20:00:00,24,2,45,1,2025-06-16T15:03:36Z,Chelsea vs West Ham United,9q0arba2kbnywth8bkxlhgmdr,4txjdaqveermfryvbfrr4taf7,9n12waklv005j8r32sfjj2eqc,Premier League 2024/2025
cj8oky9pw3gl3c0vl5iopegwk,15,2025-02-02Z,16:30:00Z,2025-02-02,16:30:00,24,2,45,1,2025-06-17T10:51:42Z,Arsenal vs Manchester City,4dsgumo7d4zupm2ugsvm4zm4d,a3nyxabgsqlnqfkeg41m6tnpp,9n12waklv005j8r32sfjj2eqc,Premier League 2024/2025
cldsrjywfcvux2e5qh29bdn9w,15,2025-02-02Z,14:00:00Z,2025-02-02,14:00:00,24,2,45,1,2025-06-09T23:11:21Z,Manchester United vs Crystal Palace,6eqit8ye8aomdsrrq0hk3v7gh,1c8m2ko0wxq1asfkuykurdr0y,9n12waklv005j8r32sfjj2eqc,Premier League 2024/2025
cjndxkory3d6gskog716dp79w,15,2025-02-02Z,14:00:00Z,2025-02-02,14:00:00,24,2,45,1,2025-06-13T08:45:44Z,Brentford vs Tottenham Hotspur,7yx5dqhhphyvfisohikodajhv,22doj4sgsocqpxw45h607udje,9n12waklv005j8r32sfjj2eqc,Premier League 2024/2025
cmn92b47zkeatbvfzaqlai4no,15,2025-02-01Z,17:30:00Z,2025-02-01,17:30:00,24,2,45,1,2025-06-17T13:09:37Z,Wolverhampton Wanderers vs Aston Villa,b9si1jn1lfxfund69e9ogcu2n,b496gs285it6bheuikox6z9mj,9n12waklv005j8r32sfjj2eqc,Premier League 2024/2025
clssyxeir0vax8g4olw8911ck,15,2025-02-01Z,15:00:00Z,2025-02-01,15:00:00,24,2,45,1,2025-06-07T12:52:04Z,Newcastle United vs Fulham,7vn2i2kd35zuetw6b38gw9jsz,hzqh7z0mdl3v7gwete66syxp,9n12waklv005j8r32sfjj2eqc,Premier League 2024/2025
ckyhazyrbiglflbu0ok91ifx0,15,2025-02-01Z,15:00:00Z,2025-02-01,15:00:00,24,2,45,1,2025-06-16T08:36:31Z,Ipswich Town vs Southampton,8b523ujgl21tbc01me65q0aoh,d5ydtvt96bv7fq04yqm2w2632,9n12waklv005j8r32sfjj2eqc,Premier League 2024/2025
ckk3tncf22gkuzam0v31msljo,15,2025-02-01Z,15:00:00Z,2025-02-01,15:00:00,24,2,45,1,2025-06-09T22:10:24Z,Everton vs Leicester City,ehd2iemqmschhj2ec0vayztzz,avxknfz4f6ob0rv9dbnxdzde0,9n12waklv005j8r32sfjj2eqc,Premier League 2024/2025
ciu1vc5uu20bijnozefw3s0t0,15,2025-02-01Z,15:00:00Z,2025-02-01,15:00:00,24,2,45,1,2025-06-13T08:02:29Z,AFC Bournemouth vs Liverpool,1pse9ta7a45pi2w2grjim70ge,c8h9bw1l82s06h77xxrelzhur,9n12waklv005j8r32sfjj2eqc,Premier League 2024/2025
cm8cv8l5847er98zdb76bce8k,15,2025-02-01Z,12:30:00Z,2025-02-01,12:30:00,24,2,45,1,2025-06-14T23:56:54Z,Nottingham Forest vs Brighton & Hove Albion,1qtaiy11gswx327s0vkibf70n,e5p0ehyguld7egzhiedpdnc3w,9n12waklv005j8r32sfjj2eqc,Premier League 2024/2025
cgd2x2vbz3uxkuerreo4txo9g,15,2025-01-26Z,19:00:00Z,2025-01-26,19:00:00,23,2,45,1,2025-06-04T22:32:53Z,Fulham vs Manchester United,hzqh7z0mdl3v7gwete66syxp,6eqit8ye8aomdsrrq0hk3v7gh,9n12waklv005j8r32sfjj2eqc,Premier League 2024/2025
cf51smte7w3vb85s7wtnll3is,15,2025-01-26Z,16:30:00Z,2025-01-26,16:30:00,23,2,45,1,2025-06-17T13:09:37Z,Aston Villa vs West Ham United,b496gs285it6bheuikox6z9mj,4txjdaqveermfryvbfrr4taf7,9n12waklv005j8r32sfjj2eqc,Premier League 2024/2025
ci0mj3nznl2mswxmit5tdiwic,15,2025-01-26Z,14:00:00Z,2025-01-26,14:00:00,23,2,45,1,2025-06-09T09:53:33Z,Tottenham Hotspur vs Leicester City,22doj4sgsocqpxw45h607udje,avxknfz4f6ob0rv9dbnxdzde0,9n12waklv005j8r32sfjj2eqc,Premier League 2024/2025
cfy32fjgh4kbey9otbghjfpjo,15,2025-01-26Z,14:00:00Z,2025-01-26,14:00:00,23,2,45,1,2025-06-13T08:45:46Z,Crystal Palace vs Brentford,1c8m2ko0wxq1asfkuykurdr0y,7yx5dqhhphyvfisohikodajhv,9n12waklv005j8r32sfjj2eqc,Premier League 2024/2025
ch6opw6zdu0a9z0yopszbd91w,15,2025-01-25Z,17:30:00Z,2025-01-25,17:30:00,23,2,45,1,2025-06-16T15:19:27Z,Manchester City vs Chelsea,a3nyxabgsqlnqfkeg41m6tnpp,9q0arba2kbnywth8bkxlhgmdr,9n12waklv005j8r32sfjj2eqc,Premier League 2024/2025
cif7u6dfjijtksln0bq4fvgus,15,2025-01-25Z,15:00:00Z,2025-01-25,15:00:00,23,2,45,1,2025-06-17T10:51:40Z,Wolverhampton Wanderers vs Arsenal,b9si1jn1lfxfund69e9ogcu2n,4dsgumo7d4zupm2ugsvm4zm4d,9n12waklv005j8r32sfjj2eqc,Premier League 2024/2025
chlesutq3dquxwfvv4ba65hjo,15,2025-01-25Z,15:00:00Z,2025-01-25,15:00:00,23,2,45,1,2025-06-07T12:52:04Z,Southampton vs Newcastle United,d5ydtvt96bv7fq04yqm2w2632,7vn2i2kd35zuetw6b38gw9jsz,9n12waklv005j8r32sfjj2eqc,Premier League 2024/2025
cgrtk6bfvu2ctp1rjs34g2r6c,15,2025-01-25Z,15:00:00Z,2025-01-25,15:00:00,23,2,45,1,2025-06-16T08:36:28Z,Liverpool vs Ipswich Town,c8h9bw1l82s06h77xxrelzhur,8b523ujgl21tbc01me65q0aoh,9n12waklv005j8r32sfjj2eqc,Premier League 2024/2025
cfjmtr9xrz3ydur0k879qbjmc,15,2025-01-25Z,15:00:00Z,2025-01-25,15:00:00,23,2,45,1,2025-06-09T22:53:32Z,Brighton & Hove Albion vs Everton,e5p0ehyguld7egzhiedpdnc3w,ehd2iemqmschhj2ec0vayztzz,9n12waklv005j8r32sfjj2eqc,Premier League 2024/2025
ceoracydrstgwdj3jeqfm0aac,15,2025-01-25Z,15:00:00Z,2025-01-25,15:00:00,23,2,45,1,2025-06-14T23:56:54Z,AFC Bournemouth vs Nottingham Forest,1pse9ta7a45pi2w2grjim70ge,1qtaiy11gswx327s0vkibf70n,9n12waklv005j8r32sfjj2eqc,Premier League 2024/2025
cbggpny9iygsfce7xf6wycb9w,15,2025-01-20Z,20:00:00Z,2025-01-20,20:00:00,22,2,45,1,2025-06-16T15:03:36Z,Chelsea vs Wolverhampton Wanderers,9q0arba2kbnywth8bkxlhgmdr,b9si1jn1lfxfund69e9ogcu2n,9n12waklv005j8r32sfjj2eqc,Premier League 2024/2025
cc9cotv30bav4ly75e6vp62ac,15,2025-01-19Z,16:30:00Z,2025-01-19,16:30:00,22,2,45,1,2025-06-16T14:56:36Z,Ipswich Town vs Manchester City,8b523ujgl21tbc01me65q0aoh,a3nyxabgsqlnqfkeg41m6tnpp,9n12waklv005j8r32sfjj2eqc,Premier League 2024/2025
cdvojt8rvxgk077kd9bvyj3f8,15,2025-01-19Z,14:00:00Z,2025-01-19,14:00:00,22,2,45,1,2025-06-14T23:56:54Z,Nottingham Forest vs Southampton,1qtaiy11gswx327s0vkibf70n,d5ydtvt96bv7fq04yqm2w2632,9n12waklv005j8r32sfjj2eqc,Premier League 2024/2025
cd2gxi2aptgouhtii1g9uxk44,15,2025-01-19Z,14:00:00Z,2025-01-19,14:00:00,22,2,45,1,2025-06-09T22:53:34Z,Manchester United vs Brighton & Hove Albion,6eqit8ye8aomdsrrq0hk3v7gh,e5p0ehyguld7egzhiedpdnc3w,9n12waklv005j8r32sfjj2eqc,Premier League 2024/2025
cbusbegd736ml79utysy6l0yc,15,2025-01-19Z,14:00:00Z,2025-01-19,14:00:00,22,2,45,1,2025-06-09T22:10:24Z,Everton vs Tottenham Hotspur,ehd2iemqmschhj2ec0vayztzz,22doj4sgsocqpxw45h607udje,9n12waklv005j8r32sfjj2eqc,Premier League 2024/2025
can5pcclpon88dg5c0llbgzdg,15,2025-01-18Z,17:30:00Z,2025-01-18,17:30:00,22,2,45,1,2025-06-17T13:09:37Z,Arsenal vs Aston Villa,4dsgumo7d4zupm2ugsvm4zm4d,b496gs285it6bheuikox6z9mj,9n12waklv005j8r32sfjj2eqc,Premier League 2024/2025
cea25zc0ctpu7ugs51oeflxxw,15,2025-01-18Z,15:00:00Z,2025-01-18,15:00:00,22,2,45,1,2025-06-09T23:11:21Z,West Ham United vs Crystal Palace,4txjdaqveermfryvbfrr4taf7,1c8m2ko0wxq1asfkuykurdr0y,9n12waklv005j8r32sfjj2eqc,Premier League 2024/2025
ccnw6a579w41c3zh08qmfdij8,15,2025-01-18Z,15:00:00Z,2025-01-18,15:00:00,22,2,45,1,2025-06-04T22:32:52Z,Leicester City vs Fulham,avxknfz4f6ob0rv9dbnxdzde0,hzqh7z0mdl3v7gwete66syxp,9n12waklv005j8r32sfjj2eqc,Premier League 2024/2025
cb1vyujhwe4c3japgewgihudw,15,2025-01-18Z,15:00:00Z,2025-01-18,15:00:00,22,2,45,1,2025-06-13T08:45:44Z,Brentford vs Liverpool,7yx5dqhhphyvfisohikodajhv,c8h9bw1l82s06h77xxrelzhur,9n12waklv005j8r32sfjj2eqc,Premier League 2024/2025
cdh4eey7r4frj6kjog24vvqc4,15,2025-01-18Z,12:30:00Z,2025-01-18,12:30:00,22,2,45,1,2025-06-13T08:02:21Z,Newcastle United vs AFC Bournemouth,7vn2i2kd35zuetw6b38gw9jsz,1pse9ta7a45pi2w2grjim70ge,9n12waklv005j8r32sfjj2eqc,Premier League 2024/2025
c9udwhwue5o5mpocyuwe0iot0,15,2025-01-16Z,20:00:00Z,2025-01-16,20:00:00,21,2,45,1,2025-05-26T10:50:35Z,Manchester United vs Southampton,6eqit8ye8aomdsrrq0hk3v7gh,d5ydtvt96bv7fq04yqm2w2632,9n12waklv005j8r32sfjj2eqc,Premier League 2024/2025
c7rjp8cc5tsvay7yspgopbu38,15,2025-01-16Z,19:30:00Z,2025-01-16,19:30:00,21,2,45,1,2025-06-16T08:36:32Z,Ipswich Town vs Brighton & Hove Albion,8b523ujgl21tbc01me65q0aoh,e5p0ehyguld7egzhiedpdnc3w,9n12waklv005j8r32sfjj2eqc,Premier League 2024/2025
c6k3plvhac9g481xwld3jb0gk,15,2025-01-15Z,20:00:00Z,2025-01-15,20:00:00,21,2,45,1,2025-06-17T10:51:38Z,Arsenal vs Tottenham Hotspur,4dsgumo7d4zupm2ugsvm4zm4d,22doj4sgsocqpxw45h607udje,9n12waklv005j8r32sfjj2eqc,Premier League 2024/2025
ca8p9dn369h0t5f9ppctz8opg,15,2025-01-15Z,19:30:00Z,2025-01-15,19:30:00,21,2,45,1,2025-06-11T19:11:29Z,Newcastle United vs Wolverhampton Wanderers,7vn2i2kd35zuetw6b38gw9jsz,b9si1jn1lfxfund69e9ogcu2n,9n12waklv005j8r32sfjj2eqc,Premier League 2024/2025
c8626vnqmtr2y2m5hh5w7wqok,15,2025-01-15Z,19:30:00Z,2025-01-15,19:30:00,21,2,45,1,2025-06-09T23:11:21Z,Leicester City vs Crystal Palace,avxknfz4f6ob0rv9dbnxdzde0,1c8m2ko0wxq1asfkuykurdr0y,9n12waklv005j8r32sfjj2eqc,Premier League 2024/2025
c7d8wl9q27bm0pf7kv32iy1hw,15,2025-01-15Z,19:30:00Z,2025-01-15,19:30:00,21,2,45,1,2025-06-17T13:09:37Z,Everton vs Aston Villa,ehd2iemqmschhj2ec0vayztzz,b496gs285it6bheuikox6z9mj,9n12waklv005j8r32sfjj2eqc,Premier League 2024/2025
c8kkkjlb5wgywfyn915w1tm38,15,2025-01-14Z,20:00:00Z,2025-01-14,20:00:00,21,2,45,1,2025-06-14T23:56:54Z,Nottingham Forest vs Liverpool,1qtaiy11gswx327s0vkibf70n,c8h9bw1l82s06h77xxrelzhur,9n12waklv005j8r32sfjj2eqc,Premier League 2024/2025
c9e21ubehtwoquzx63yu5j0gk,15,2025-01-14Z,19:30:00Z,2025-01-14,19:30:00,21,2,45,1,2025-06-16T15:03:36Z,Chelsea vs AFC Bournemouth,9q0arba2kbnywth8bkxlhgmdr,1pse9ta7a45pi2w2grjim70ge,9n12waklv005j8r32sfjj2eqc,Premier League 2024/2025
c8zjuspuaerjpv3wgeluakavo,15,2025-01-14Z,19:30:00Z,2025-01-14,19:30:00,21,2,45,1,2025-06-09T11:30:18Z,West Ham United vs Fulham,4txjdaqveermfryvbfrr4taf7,hzqh7z0mdl3v7gwete66syxp,9n12waklv005j8r32sfjj2eqc,Premier League 2024/2025
c6yluac7c8srpedty2rzyhyc4,15,2025-01-14Z,19:30:00Z,2025-01-14,19:30:00,21,2,45,1,2025-06-16T14:56:37Z,Brentford vs Manchester City,7yx5dqhhphyvfisohikodajhv,a3nyxabgsqlnqfkeg41m6tnpp,9n12waklv005j8r32sfjj2eqc,Premier League 2024/2025
c65kd5w22z083sj10frkt7f9w,15,2025-01-06Z,20:00:00Z,2025-01-06,20:00:00,20,2,45,1,2025-06-14T23:57:07Z,Wolverhampton Wanderers vs Nottingham Forest,b9si1jn1lfxfund69e9ogcu2n,1qtaiy11gswx327s0vkibf70n,9n12waklv005j8r32sfjj2eqc,Premier League 2024/2025
c4ke9hxyesq5m0zfx31p3s6c4,15,2025-01-05Z,16:30:00Z,2025-01-05,16:30:00,20,2,45,1,2025-06-04T08:34:06Z,Liverpool vs Manchester United,c8h9bw1l82s06h77xxrelzhur,6eqit8ye8aomdsrrq0hk3v7gh,9n12waklv005j8r32sfjj2eqc,Premier League 2024/2025
c462lh2vfn8pqhkig6c02h89g,15,2025-01-05Z,14:00:00Z,2025-01-05,14:00:00,20,2,45,1,2025-06-16T08:36:28Z,Fulham vs Ipswich Town,hzqh7z0mdl3v7gwete66syxp,8b523ujgl21tbc01me65q0aoh,9n12waklv005j8r32sfjj2eqc,Premier League 2024/2025
c3azlvd97gyv7x0unm43czw9g,15,2025-01-04Z,17:30:00Z,2025-01-04,17:30:00,20,2,45,1,2025-06-17T10:51:37Z,Brighton & Hove Albion vs Arsenal,e5p0ehyguld7egzhiedpdnc3w,4dsgumo7d4zupm2ugsvm4zm4d,9n12waklv005j8r32sfjj2eqc,Premier League 2024/2025
c5czukmc6ekv2lo8ojizon0gk,15,2025-01-04Z,15:00:00Z,2025-01-04,15:00:00,20,2,45,1,2025-06-13T08:45:44Z,Southampton vs Brentford,d5ydtvt96bv7fq04yqm2w2632,7yx5dqhhphyvfisohikodajhv,9n12waklv005j8r32sfjj2eqc,Premier League 2024/2025
c4yo11yoy83ckng4ygj3qr4lw,15,2025-01-04Z,15:00:00Z,2025-01-04,15:00:00,20,2,45,1,2025-06-16T14:56:36Z,Manchester City vs West Ham United,a3nyxabgsqlnqfkeg41m6tnpp,4txjdaqveermfryvbfrr4taf7,9n12waklv005j8r32sfjj2eqc,Premier League 2024/2025
c3pswztqphcj94rokx5g374lw,15,2025-01-04Z,15:00:00Z,2025-01-04,15:00:00,20,2,45,1,2025-06-16T15:03:36Z,Crystal Palace vs Chelsea,1c8m2ko0wxq1asfkuykurdr0y,9q0arba2kbnywth8bkxlhgmdr,9n12waklv005j8r32sfjj2eqc,Premier League 2024/2025
c2wqlgsjha1rfjfs50j85zk7o,15,2025-01-04Z,15:00:00Z,2025-01-04,15:00:00,20,2,45,1,2025-06-17T13:09:37Z,Aston Villa vs Leicester City,b496gs285it6bheuikox6z9mj,avxknfz4f6ob0rv9dbnxdzde0,9n12waklv005j8r32sfjj2eqc,Premier League 2024/2025
c2icg23tccdnrija8d3j3shec,15,2025-01-04Z,15:00:00Z,2025-01-04,15:00:00,20,2,45,1,2025-06-13T08:02:18Z,AFC Bournemouth vs Everton,1pse9ta7a45pi2w2grjim70ge,ehd2iemqmschhj2ec0vayztzz,9n12waklv005j8r32sfjj2eqc,Premier League 2024/2025
c5r9lkl17h9fedcqhewc2hbf8,15,2025-01-04Z,12:30:00Z,2025-01-04,12:30:00,20,2,45,1,2025-06-09T09:53:33Z,Tottenham Hotspur vs Newcastle United,22doj4sgsocqpxw45h607udje,7vn2i2kd35zuetw6b38gw9jsz,9n12waklv005j8r32sfjj2eqc,Premier League 2024/2025
bywfg7shyq9ey9h4qn1o86ec4,15,2025-01-01Z,17:30:00Z,2025-01-01,17:30:00,19,2,45,1,2025-06-17T10:51:37Z,Brentford vs Arsenal,7yx5dqhhphyvfisohikodajhv,4dsgumo7d4zupm2ugsvm4zm4d,9n12waklv005j8r32sfjj2eqc,Premier League 2024/2025
c1ar3n5pz3puuf5wytox2vs44,15,2024-12-30Z,20:00:00Z,2024-12-30,20:00:00,19,2,45,1,2025-05-26T10:50:35Z,Manchester United vs Newcastle United,6eqit8ye8aomdsrrq0hk3v7gh,7vn2i2kd35zuetw6b38gw9jsz,9n12waklv005j8r32sfjj2eqc,Premier League 2024/2025
c0i4chcg41suds6581fj8k7bo,15,2024-12-30Z,19:45:00Z,2024-12-30,19:45:00,19,2,45,1,2025-06-16T15:03:36Z,Ipswich Town vs Chelsea,8b523ujgl21tbc01me65q0aoh,9q0arba2kbnywth8bkxlhgmdr,9n12waklv005j8r32sfjj2eqc,Premier League 2024/2025
bygavxuejjpji124doxwepus4,15,2024-12-30Z,19:45:00Z,2024-12-30,19:45:00,19,2,45,1,2025-06-17T13:09:37Z,Aston Villa vs Brighton & Hove Albion,b496gs285it6bheuikox6z9mj,e5p0ehyguld7egzhiedpdnc3w,9n12waklv005j8r32sfjj2eqc,Premier League 2024/2025
c23yxapbq4uy1vx7ns55834lw,15,2024-12-29Z,17:15:00Z,2024-12-29,17:15:00,19,2,45,1,2025-06-09T11:30:16Z,West Ham United vs Liverpool,4txjdaqveermfryvbfrr4taf7,c8h9bw1l82s06h77xxrelzhur,9n12waklv005j8r32sfjj2eqc,Premier League 2024/2025
c1p2zxgj65tdyroodx23g90d0,15,2024-12-29Z,15:00:00Z,2024-12-29,15:00:00,19,2,45,1,2025-06-11T19:11:28Z,Tottenham Hotspur vs Wolverhampton Wanderers,22doj4sgsocqpxw45h607udje,b9si1jn1lfxfund69e9ogcu2n,9n12waklv005j8r32sfjj2eqc,Premier League 2024/2025
c03lpbt4c3n52zvvyfbg9afis,15,2024-12-29Z,15:00:00Z,2024-12-29,15:00:00,19,2,45,1,2025-06-12T15:08:39Z,Fulham vs AFC Bournemouth,hzqh7z0mdl3v7gwete66syxp,1pse9ta7a45pi2w2grjim70ge,9n12waklv005j8r32sfjj2eqc,Premier League 2024/2025
bzp7xrrl3h8jk7jkuhuvwm044,15,2024-12-29Z,15:00:00Z,2024-12-29,15:00:00,19,2,45,1,2025-06-14T23:57:09Z,Everton vs Nottingham Forest,ehd2iemqmschhj2ec0vayztzz,1qtaiy11gswx327s0vkibf70n,9n12waklv005j8r32sfjj2eqc,Premier League 2024/2025
bzaq3qasgx4jowyjr368td1jo,15,2024-12-29Z,15:00:00Z,2024-12-29,15:00:00,19,2,45,1,2025-06-13T14:06:14Z,Crystal Palace vs Southampton,1c8m2ko0wxq1asfkuykurdr0y,d5ydtvt96bv7fq04yqm2w2632,9n12waklv005j8r32sfjj2eqc,Premier League 2024/2025
c0wexnzzmhoesdc4ja022av4k,15,2024-12-29Z,14:30:00Z,2024-12-29,14:30:00,19,2,45,1,2025-06-16T14:56:36Z,Leicester City vs Manchester City,avxknfz4f6ob0rv9dbnxdzde0,a3nyxabgsqlnqfkeg41m6tnpp,9n12waklv005j8r32sfjj2eqc,Premier League 2024/2025
buu0f5ncky9xnsv4wu3xqlwk4,15,2024-12-27Z,20:15:00Z,2024-12-27,20:15:00,18,2,45,1,2025-06-17T10:51:37Z,Arsenal vs Ipswich Town,4dsgumo7d4zupm2ugsvm4zm4d,8b523ujgl21tbc01me65q0aoh,9n12waklv005j8r32sfjj2eqc,Premier League 2024/2025
bv89sc8xvhb8y384vzw739ces,15,2024-12-27Z,19:30:00Z,2024-12-27,19:30:00,18,2,45,1,2025-06-13T08:45:43Z,Brighton & Hove Albion vs Brentford,e5p0ehyguld7egzhiedpdnc3w,7yx5dqhhphyvfisohikodajhv,9n12waklv005j8r32sfjj2eqc,Premier League 2024/2025
bw0uir5z0tq8xr7j69z0vuoes,15,2024-12-26Z,20:00:00Z,2024-12-26,20:00:00,18,2,45,1,2025-06-04T08:34:06Z,Liverpool vs Leicester City,c8h9bw1l82s06h77xxrelzhur,avxknfz4f6ob0rv9dbnxdzde0,9n12waklv005j8r32sfjj2eqc,Premier League 2024/2025
by1y9hinyt9l3dc9cggsyg36c,15,2024-12-26Z,17:30:00Z,2024-12-26,17:30:00,18,2,45,1,2025-06-11T19:11:13Z,Wolverhampton Wanderers vs Manchester United,b9si1jn1lfxfund69e9ogcu2n,6eqit8ye8aomdsrrq0hk3v7gh,9n12waklv005j8r32sfjj2eqc,Premier League 2024/2025
bxnl2pjrc523jr3yij03t2m8k,15,2024-12-26Z,15:00:00Z,2024-12-26,15:00:00,18,2,45,1,2025-06-09T11:30:16Z,Southampton vs West Ham United,d5ydtvt96bv7fq04yqm2w2632,4txjdaqveermfryvbfrr4taf7,9n12waklv005j8r32sfjj2eqc,Premier League 2024/2025
bx9avxt4rbqdfvttecl4817v8,15,2024-12-26Z,15:00:00Z,2024-12-26,15:00:00,18,2,45,1,2025-06-14T23:56:58Z,Nottingham Forest vs Tottenham Hotspur,1qtaiy11gswx327s0vkibf70n,22doj4sgsocqpxw45h607udje,9n12waklv005j8r32sfjj2eqc,Premier League 2024/2025
bwuarpgll3clnk3scu7xbaxas,15,2024-12-26Z,15:00:00Z,2024-12-26,15:00:00,18,2,45,1,2025-06-17T13:09:37Z,Newcastle United vs Aston Villa,7vn2i2kd35zuetw6b38gw9jsz,b496gs285it6bheuikox6z9mj,9n12waklv005j8r32sfjj2eqc,Premier League 2024/2025
bvmmeuphptsaj0chjl0pc2r6c,15,2024-12-26Z,15:00:00Z,2024-12-26,15:00:00,18,2,45,1,2025-06-16T15:03:36Z,Chelsea vs Fulham,9q0arba2kbnywth8bkxlhgmdr,hzqh7z0mdl3v7gwete66syxp,9n12waklv005j8r32sfjj2eqc,Premier League 2024/2025
bufh3lgfusvbqnu46478mn02c,15,2024-12-26Z,15:00:00Z,2024-12-26,15:00:00,18,2,45,1,2025-06-13T14:06:14Z,AFC Bournemouth vs Crystal Palace,1pse9ta7a45pi2w2grjim70ge,1c8m2ko0wxq1asfkuykurdr0y,9n12waklv005j8r32sfjj2eqc,Premier League 2024/2025
bwfjax16ws009utkif02fsiz8,15,2024-12-26Z,12:30:00Z,2024-12-26,12:30:00,18,2,45,1,2025-06-16T14:56:36Z,Manchester City vs Everton,a3nyxabgsqlnqfkeg41m6tnpp,ehd2iemqmschhj2ec0vayztzz,9n12waklv005j8r32sfjj2eqc,Premier League 2024/2025
btmq794wygveimscov4kyx4b8,15,2024-12-22Z,16:30:00Z,2024-12-22,16:30:00,17,2,45,1,2025-06-09T09:53:33Z,Tottenham Hotspur vs Liverpool,22doj4sgsocqpxw45h607udje,c8h9bw1l82s06h77xxrelzhur,9n12waklv005j8r32sfjj2eqc,Premier League 2024/2025
bt5z6e9ui8y8u8yrkz9ejg7pw,15,2024-12-22Z,14:00:00Z,2024-12-22,14:00:00,17,2,45,1,2025-06-13T08:02:18Z,Manchester United vs AFC Bournemouth,6eqit8ye8aomdsrrq0hk3v7gh,1pse9ta7a45pi2w2grjim70ge,9n12waklv005j8r32sfjj2eqc,Premier League 2024/2025
bsrb72ntjgzl4u7aymo410tg4,15,2024-12-22Z,14:00:00Z,2024-12-22,14:00:00,17,2,45,1,2025-06-11T19:11:13Z,Leicester City vs Wolverhampton Wanderers,avxknfz4f6ob0rv9dbnxdzde0,b9si1jn1lfxfund69e9ogcu2n,9n12waklv005j8r32sfjj2eqc,Premier League 2024/2025
bry42iitu51mkcuujnk2eugpg,15,2024-12-22Z,14:00:00Z,2024-12-22,14:00:00,17,2,45,1,2025-06-04T22:32:53Z,Fulham vs Southampton,hzqh7z0mdl3v7gwete66syxp,d5ydtvt96bv7fq04yqm2w2632,9n12waklv005j8r32sfjj2eqc,Premier League 2024/2025
brjpvrtt6xp1hgec63hmides4,15,2024-12-22Z,14:00:00Z,2024-12-22,14:00:00,17,2,45,1,2025-06-16T15:03:36Z,Everton vs Chelsea,ehd2iemqmschhj2ec0vayztzz,9q0arba2kbnywth8bkxlhgmdr,9n12waklv005j8r32sfjj2eqc,Premier League 2024/2025
br5dy7fu89celv6lqm2rt7vv8,15,2024-12-21Z,17:30:00Z,2024-12-21,17:30:00,17,2,45,1,2025-06-17T10:51:39Z,Crystal Palace vs Arsenal,1c8m2ko0wxq1asfkuykurdr0y,4dsgumo7d4zupm2ugsvm4zm4d,9n12waklv005j8r32sfjj2eqc,Premier League 2024/2025
bu13u0clkituy9j0ibwv3efpw,15,2024-12-21Z,15:00:00Z,2024-12-21,15:00:00,17,2,45,1,2025-06-09T22:53:34Z,West Ham United vs Brighton & Hove Albion,4txjdaqveermfryvbfrr4taf7,e5p0ehyguld7egzhiedpdnc3w,9n12waklv005j8r32sfjj2eqc,Premier League 2024/2025
bscwbokacno17wumgq52jm3h0,15,2024-12-21Z,15:00:00Z,2024-12-21,15:00:00,17,2,45,1,2025-06-16T08:36:28Z,Ipswich Town vs Newcastle United,8b523ujgl21tbc01me65q0aoh,7vn2i2kd35zuetw6b38gw9jsz,9n12waklv005j8r32sfjj2eqc,Premier League 2024/2025
bqqukjxfkt2l1pg3s37o3zklw,15,2024-12-21Z,15:00:00Z,2024-12-21,15:00:00,17,2,45,1,2025-06-14T23:56:59Z,Brentford vs Nottingham Forest,7yx5dqhhphyvfisohikodajhv,1qtaiy11gswx327s0vkibf70n,9n12waklv005j8r32sfjj2eqc,Premier League 2024/2025
bqcfixkutrz2cqakxgc538c2c,15,2024-12-21Z,12:30:00Z,2024-12-21,12:30:00,17,2,45,1,2025-06-17T13:09:37Z,Aston Villa vs Manchester City,b496gs285it6bheuikox6z9mj,a3nyxabgsqlnqfkeg41m6tnpp,9n12waklv005j8r32sfjj2eqc,Premier League 2024/2025
bm7z3a55zn39k1e8kkuo99n2s,15,2024-12-16Z,20:00:00Z,2024-12-16,20:00:00,16,2,45,1,2025-06-13T08:02:18Z,AFC Bournemouth vs West Ham United,1pse9ta7a45pi2w2grjim70ge,4txjdaqveermfryvbfrr4taf7,9n12waklv005j8r32sfjj2eqc,Premier League 2024/2025
bpj5k3yrfzh6p7hzuz6wjlclw,15,2024-12-15Z,19:00:00Z,2024-12-15,19:00:00,16,2,45,1,2025-06-09T09:53:36Z,Southampton vs Tottenham Hotspur,d5ydtvt96bv7fq04yqm2w2632,22doj4sgsocqpxw45h607udje,9n12waklv005j8r32sfjj2eqc,Premier League 2024/2025
bngtuob6ob6c7jkakf9f27uvo,15,2024-12-15Z,19:00:00Z,2024-12-15,19:00:00,16,2,45,1,2025-06-16T15:03:40Z,Chelsea vs Brentford,9q0arba2kbnywth8bkxlhgmdr,7yx5dqhhphyvfisohikodajhv,9n12waklv005j8r32sfjj2eqc,Premier League 2024/2025
bobrdctpas0rdccp0guk8s650,15,2024-12-15Z,16:30:00Z,2024-12-15,16:30:00,16,2,45,1,2025-06-16T14:56:37Z,Manchester City vs Manchester United,a3nyxabgsqlnqfkeg41m6tnpp,6eqit8ye8aomdsrrq0hk3v7gh,9n12waklv005j8r32sfjj2eqc,Premier League 2024/2025
bn24xgftigiyjd4aywrf9qfis,15,2024-12-15Z,14:00:00Z,2024-12-15,14:00:00,16,2,45,1,2025-06-13T14:06:14Z,Brighton & Hove Albion vs Crystal Palace,e5p0ehyguld7egzhiedpdnc3w,1c8m2ko0wxq1asfkuykurdr0y,9n12waklv005j8r32sfjj2eqc,Premier League 2024/2025
bp4qg49o0h651s8w6aaxt0dn8,15,2024-12-14Z,17:30:00Z,2024-12-14,17:30:00,16,2,45,1,2025-06-17T13:09:37Z,Nottingham Forest vs Aston Villa,1qtaiy11gswx327s0vkibf70n,b496gs285it6bheuikox6z9mj,9n12waklv005j8r32sfjj2eqc,Premier League 2024/2025
bpxwy4r05f7rgihk0e1gzmej8,15,2024-12-14Z,15:00:00Z,2024-12-14,15:00:00,16,2,45,1,2025-06-16T08:36:28Z,Wolverhampton Wanderers vs Ipswich Town,b9si1jn1lfxfund69e9ogcu2n,8b523ujgl21tbc01me65q0aoh,9n12waklv005j8r32sfjj2eqc,Premier League 2024/2025
boqbfv7gxhdcvfw2rkg7auwic,15,2024-12-14Z,15:00:00Z,2024-12-14,15:00:00,16,2,45,1,2025-06-01T11:20:53Z,Newcastle United vs Leicester City,7vn2i2kd35zuetw6b38gw9jsz,avxknfz4f6ob0rv9dbnxdzde0,9n12waklv005j8r32sfjj2eqc,Premier League 2024/2025
bnx68u3rxxhity77sm7i2s5qs,15,2024-12-14Z,15:00:00Z,2024-12-14,15:00:00,16,2,45,1,2025-06-04T22:32:53Z,Liverpool vs Fulham,c8h9bw1l82s06h77xxrelzhur,hzqh7z0mdl3v7gwete66syxp,9n12waklv005j8r32sfjj2eqc,Premier League 2024/2025
bmmqkysg73hw2a98w3w1b0nis,15,2024-12-14Z,15:00:00Z,2024-12-14,15:00:00,16,2,45,1,2025-06-17T10:51:37Z,Arsenal vs Everton,4dsgumo7d4zupm2ugsvm4zm4d,ehd2iemqmschhj2ec0vayztzz,9n12waklv005j8r32sfjj2eqc,Premier League 2024/2025
blte8tiefxvw161meykg1v3tg,15,2024-12-09Z,20:00:00Z,2024-12-09,20:00:00,15,2,45,1,2025-06-11T19:11:12Z,West Ham United vs Wolverhampton Wanderers,4txjdaqveermfryvbfrr4taf7,b9si1jn1lfxfund69e9ogcu2n,9n12waklv005j8r32sfjj2eqc,Premier League 2024/2025
bledpz7gyd1vvglxttwgomq6s,15,2024-12-08Z,16:30:00Z,2024-12-08,16:30:00,15,2,45,1,2025-06-16T15:03:40Z,Tottenham Hotspur vs Chelsea,22doj4sgsocqpxw45h607udje,9q0arba2kbnywth8bkxlhgmdr,9n12waklv005j8r32sfjj2eqc,Premier League 2024/2025
bkkthit9xn1o237s6v52020b8,15,2024-12-08Z,14:00:00Z,2024-12-08,14:00:00,15,2,45,1,2025-06-09T22:53:32Z,Leicester City vs Brighton & Hove Albion,avxknfz4f6ob0rv9dbnxdzde0,e5p0ehyguld7egzhiedpdnc3w,9n12waklv005j8r32sfjj2eqc,Premier League 2024/2025
bk633qzuive7o4dzd60lpqtqs,15,2024-12-08Z,14:00:00Z,2024-12-08,14:00:00,15,2,45,1,2025-06-16T08:36:27Z,Ipswich Town vs AFC Bournemouth,8b523ujgl21tbc01me65q0aoh,1pse9ta7a45pi2w2grjim70ge,9n12waklv005j8r32sfjj2eqc,Premier League 2024/2025
bjqu6eqvbthmulqy66bzrmqdw,15,2024-12-08Z,14:00:00Z,2024-12-08,14:00:00,15,2,45,1,2025-06-17T10:51:37Z,Fulham vs Arsenal,hzqh7z0mdl3v7gwete66syxp,4dsgumo7d4zupm2ugsvm4zm4d,9n12waklv005j8r32sfjj2eqc,Premier League 2024/2025
bkzj1elx73nk8jkjlybdt71uc,15,2024-12-07Z,17:30:00Z,2024-12-07,17:30:00,15,2,45,1,2025-06-14T23:56:54Z,Manchester United vs Nottingham Forest,6eqit8ye8aomdsrrq0hk3v7gh,1qtaiy11gswx327s0vkibf70n,9n12waklv005j8r32sfjj2eqc,Premier League 2024/2025
bixas5w8wb396k02ox14n687o,15,2024-12-07Z,15:00:00Z,2024-12-07,15:00:00,15,2,45,1,2025-06-16T14:56:36Z,Crystal Palace vs Manchester City,1c8m2ko0wxq1asfkuykurdr0y,a3nyxabgsqlnqfkeg41m6tnpp,9n12waklv005j8r32sfjj2eqc,Premier League 2024/2025
biikn4l1ucalfhi0s7rg1ah3o,15,2024-12-07Z,15:00:00Z,2024-12-07,15:00:00,15,2,45,1,2025-06-13T08:45:43Z,Brentford vs Newcastle United,7yx5dqhhphyvfisohikodajhv,7vn2i2kd35zuetw6b38gw9jsz,9n12waklv005j8r32sfjj2eqc,Premier League 2024/2025
bi29p65bqxenzxdf7xlp1c178,15,2024-12-07Z,15:00:00Z,2024-12-07,15:00:00,15,2,45,1,2025-06-17T13:09:37Z,Aston Villa vs Southampton,b496gs285it6bheuikox6z9mj,d5ydtvt96bv7fq04yqm2w2632,9n12waklv005j8r32sfjj2eqc,Premier League 2024/2025
be20id1i26jlq29i8700i0zkk,15,2024-12-05Z,20:15:00Z,2024-12-05,20:15:00,14,2,45,1,2025-06-13T08:02:18Z,AFC Bournemouth vs Tottenham Hotspur,1pse9ta7a45pi2w2grjim70ge,22doj4sgsocqpxw45h607udje,9n12waklv005j8r32sfjj2eqc,Premier League 2024/2025
bfny9x8al04e3t86o8p5lxfkk,15,2024-12-05Z,19:30:00Z,2024-12-05,19:30:00,14,2,45,1,2025-06-09T22:53:32Z,Fulham vs Brighton & Hove Albion,hzqh7z0mdl3v7gwete66syxp,e5p0ehyguld7egzhiedpdnc3w,9n12waklv005j8r32sfjj2eqc,Premier League 2024/2025
bev0t7iyd8z5rkiyzs5fg3x1w,15,2024-12-04Z,20:15:00Z,2024-12-04,20:15:00,14,2,45,1,2025-06-17T13:09:37Z,Aston Villa vs Brentford,b496gs285it6bheuikox6z9mj,7yx5dqhhphyvfisohikodajhv,9n12waklv005j8r32sfjj2eqc,Premier League 2024/2025
begik5lflzeqcbhrbyqswnaqc,15,2024-12-04Z,20:15:00Z,2024-12-04,20:15:00,14,2,45,1,2025-06-17T10:51:39Z,Arsenal vs Manchester United,4dsgumo7d4zupm2ugsvm4zm4d,6eqit8ye8aomdsrrq0hk3v7gh,9n12waklv005j8r32sfjj2eqc,Premier League 2024/2025
bhnlnsx92jegsi82ogkq62xw4,15,2024-12-04Z,19:30:00Z,2024-12-04,19:30:00,14,2,45,1,2025-06-16T15:03:36Z,Southampton vs Chelsea,d5ydtvt96bv7fq04yqm2w2632,9q0arba2kbnywth8bkxlhgmdr,9n12waklv005j8r32sfjj2eqc,Premier League 2024/2025
bh98e9b6gzkymhp45iqql84k4,15,2024-12-04Z,19:30:00Z,2024-12-04,19:30:00,14,2,45,1,2025-06-04T08:34:09Z,Newcastle United vs Liverpool,7vn2i2kd35zuetw6b38gw9jsz,c8h9bw1l82s06h77xxrelzhur,9n12waklv005j8r32sfjj2eqc,Premier League 2024/2025
bgus3xawapa4q2wqila0kty50,15,2024-12-04Z,19:30:00Z,2024-12-04,19:30:00,14,2,45,1,2025-06-16T14:56:36Z,Manchester City vs Nottingham Forest,a3nyxabgsqlnqfkeg41m6tnpp,1qtaiy11gswx327s0vkibf70n,9n12waklv005j8r32sfjj2eqc,Premier League 2024/2025
bf9k8g09nc98gwic8adlpwphw,15,2024-12-04Z,19:30:00Z,2024-12-04,19:30:00,14,2,45,1,2025-06-11T19:11:12Z,Everton vs Wolverhampton Wanderers,ehd2iemqmschhj2ec0vayztzz,b9si1jn1lfxfund69e9ogcu2n,9n12waklv005j8r32sfjj2eqc,Premier League 2024/2025
bggjpu9y4dcffnwef4lp7baqc,15,2024-12-03Z,20:15:00Z,2024-12-03,20:15:00,14,2,45,1,2025-06-09T11:30:16Z,Leicester City vs West Ham United,avxknfz4f6ob0rv9dbnxdzde0,4txjdaqveermfryvbfrr4taf7,9n12waklv005j8r32sfjj2eqc,Premier League 2024/2025
bg25ufr91xkt4ixq46xrl80lw,15,2024-12-03Z,19:30:00Z,2024-12-03,19:30:00,14,2,45,1,2025-06-16T08:36:27Z,Ipswich Town vs Crystal Palace,8b523ujgl21tbc01me65q0aoh,1c8m2ko0wxq1asfkuykurdr0y,9n12waklv005j8r32sfjj2eqc,Premier League 2024/2025
bbl2rklm0myocb75r45tkd2j8,15,2024-12-01Z,16:00:00Z,2024-12-01,16:00:00,13,2,45,1,2025-06-16T14:56:37Z,Liverpool vs Manchester City,c8h9bw1l82s06h77xxrelzhur,a3nyxabgsqlnqfkeg41m6tnpp,9n12waklv005j8r32sfjj2eqc,Premier League 2024/2025
bcsdyyjyzsnw41qse2hagqbro,15,2024-12-01Z,13:30:00Z,2024-12-01,13:30:00,13,2,45,1,2025-06-09T09:53:33Z,Tottenham Hotspur vs Fulham,22doj4sgsocqpxw45h607udje,hzqh7z0mdl3v7gwete66syxp,9n12waklv005j8r32sfjj2eqc,Premier League 2024/2025
bbzdk3ell1dra16xq98m5nkt0,15,2024-12-01Z,13:30:00Z,2024-12-01,13:30:00,13,2,45,1,2025-06-09T22:10:28Z,Manchester United vs Everton,6eqit8ye8aomdsrrq0hk3v7gh,ehd2iemqmschhj2ec0vayztzz,9n12waklv005j8r32sfjj2eqc,Premier League 2024/2025
basek4892ykrxflbww4zim61g,15,2024-12-01Z,13:30:00Z,2024-12-01,13:30:00,13,2,45,1,2025-06-17T13:09:37Z,Chelsea vs Aston Villa,9q0arba2kbnywth8bkxlhgmdr,b496gs285it6bheuikox6z9mj,9n12waklv005j8r32sfjj2eqc,Premier League 2024/2025
bd8umdv86yjcz8o1151nqacyc,15,2024-11-30Z,17:30:00Z,2024-11-30,17:30:00,13,2,45,1,2025-06-17T10:51:39Z,West Ham United vs Arsenal,4txjdaqveermfryvbfrr4taf7,4dsgumo7d4zupm2ugsvm4zm4d,9n12waklv005j8r32sfjj2eqc,Premier League 2024/2025
bdnkuhx0lsaw99k32a2dahlp0,15,2024-11-30Z,15:00:00Z,2024-11-30,15:00:00,13,2,45,1,2025-06-13T08:02:18Z,Wolverhampton Wanderers vs AFC Bournemouth,b9si1jn1lfxfund69e9ogcu2n,1pse9ta7a45pi2w2grjim70ge,9n12waklv005j8r32sfjj2eqc,Premier League 2024/2025
bcdu4obuf8b4r02jm5532e39w,15,2024-11-30Z,15:00:00Z,2024-11-30,15:00:00,13,2,45,1,2025-06-16T08:36:27Z,Nottingham Forest vs Ipswich Town,1qtaiy11gswx327s0vkibf70n,8b523ujgl21tbc01me65q0aoh,9n12waklv005j8r32sfjj2eqc,Premier League 2024/2025
bb6mxypy6ue4iszpiy7npy8t0,15,2024-11-30Z,15:00:00Z,2024-11-30,15:00:00,13,2,45,1,2025-06-13T14:06:14Z,Crystal Palace vs Newcastle United,1c8m2ko0wxq1asfkuykurdr0y,7vn2i2kd35zuetw6b38gw9jsz,9n12waklv005j8r32sfjj2eqc,Premier League 2024/2025
b9y623ypckv88el8q6r4lw1sk,15,2024-11-30Z,15:00:00Z,2024-11-30,15:00:00,13,2,45,1,2025-06-13T08:45:43Z,Brentford vs Leicester City,7yx5dqhhphyvfisohikodajhv,avxknfz4f6ob0rv9dbnxdzde0,9n12waklv005j8r32sfjj2eqc,Premier League 2024/2025
bace1oviov7ggpm072asjvz10,15,2024-11-29Z,20:00:00Z,2024-11-29,20:00:00,13,2,45,1,2025-06-09T22:53:32Z,Brighton & Hove Albion vs Southampton,e5p0ehyguld7egzhiedpdnc3w,d5ydtvt96bv7fq04yqm2w2632,9n12waklv005j8r32sfjj2eqc,Premier League 2024/2025
b95cb7xdhndd3a5stciwm38yc,15,2024-11-25Z,20:00:00Z,2024-11-25,20:00:00,12,2,45,1,2025-06-09T11:30:15Z,Newcastle United vs West Ham United,7vn2i2kd35zuetw6b38gw9jsz,4txjdaqveermfryvbfrr4taf7,9n12waklv005j8r32sfjj2eqc,Premier League 2024/2025
b7y2vievdkjo6k1nn4w4fysyc,15,2024-11-24Z,16:30:00Z,2024-11-24,16:30:00,12,2,45,1,2025-06-16T08:36:28Z,Ipswich Town vs Manchester United,8b523ujgl21tbc01me65q0aoh,6eqit8ye8aomdsrrq0hk3v7gh,9n12waklv005j8r32sfjj2eqc,Premier League 2024/2025
b9jqvdwj3ykf2ca6bhvx45iqc,15,2024-11-24Z,14:00:00Z,2024-11-24,14:00:00,12,2,45,1,2025-06-04T08:34:08Z,Southampton vs Liverpool,d5ydtvt96bv7fq04yqm2w2632,c8h9bw1l82s06h77xxrelzhur,9n12waklv005j8r32sfjj2eqc,Premier League 2024/2025
b8qu9ct9mb9q9ig5rk00utd78,15,2024-11-23Z,17:30:00Z,2024-11-23,17:30:00,12,2,45,1,2025-06-16T14:56:36Z,Manchester City vs Tottenham Hotspur,a3nyxabgsqlnqfkeg41m6tnpp,22doj4sgsocqpxw45h607udje,9n12waklv005j8r32sfjj2eqc,Premier League 2024/2025
b7joxa472n4y2rdu0u7hluj9w,15,2024-11-23Z,15:00:00Z,2024-11-23,15:00:00,12,2,45,1,2025-06-11T19:11:11Z,Fulham vs Wolverhampton Wanderers,hzqh7z0mdl3v7gwete66syxp,b9si1jn1lfxfund69e9ogcu2n,9n12waklv005j8r32sfjj2eqc,Premier League 2024/2025
b73kaf520do11jf2zrr00ljis,15,2024-11-23Z,15:00:00Z,2024-11-23,15:00:00,12,2,45,1,2025-06-13T08:45:43Z,Everton vs Brentford,ehd2iemqmschhj2ec0vayztzz,7yx5dqhhphyvfisohikodajhv,9n12waklv005j8r32sfjj2eqc,Premier League 2024/2025
b6p2sdqvy8odw4u64ir2hucyc,15,2024-11-23Z,15:00:00Z,2024-11-23,15:00:00,12,2,45,1,2025-06-17T13:09:36Z,Aston Villa vs Crystal Palace,b496gs285it6bheuikox6z9mj,1c8m2ko0wxq1asfkuykurdr0y,9n12waklv005j8r32sfjj2eqc,Premier League 2024/2025
b6aokaej7vu6uh7asjuuwxfro,15,2024-11-23Z,15:00:00Z,2024-11-23,15:00:00,12,2,45,1,2025-06-17T10:51:37Z,Arsenal vs Nottingham Forest,4dsgumo7d4zupm2ugsvm4zm4d,1qtaiy11gswx327s0vkibf70n,9n12waklv005j8r32sfjj2eqc,Premier League 2024/2025
b5w5brvt7sdwv5v1d3dhd07bo,15,2024-11-23Z,15:00:00Z,2024-11-23,15:00:00,12,2,45,1,2025-06-13T08:02:17Z,AFC Bournemouth vs Brighton & Hove Albion,1pse9ta7a45pi2w2grjim70ge,e5p0ehyguld7egzhiedpdnc3w,9n12waklv005j8r32sfjj2eqc,Premier League 2024/2025
b8cgw3mpb1yi7jq5rtgifsvmc,15,2024-11-23Z,12:30:00Z,2024-11-23,12:30:00,12,2,45,1,2025-06-16T15:03:36Z,Leicester City vs Chelsea,avxknfz4f6ob0rv9dbnxdzde0,9q0arba2kbnywth8bkxlhgmdr,9n12waklv005j8r32sfjj2eqc,Premier League 2024/2025
b2ptkxdamitzqv7dxwsanwis4,15,2024-11-10Z,16:30:00Z,2024-11-10,16:30:00,11,2,45,1,2025-06-17T10:51:37Z,Chelsea vs Arsenal,9q0arba2kbnywth8bkxlhgmdr,4dsgumo7d4zupm2ugsvm4zm4d,9n12waklv005j8r32sfjj2eqc,Premier League 2024/2025
b4pd1n8sp9x6pb3pilu3ahgyc,15,2024-11-10Z,14:00:00Z,2024-11-10,14:00:00,11,2,45,1,2025-06-16T08:36:28Z,Tottenham Hotspur vs Ipswich Town,22doj4sgsocqpxw45h607udje,8b523ujgl21tbc01me65q0aoh,9n12waklv005j8r32sfjj2eqc,Premier League 2024/2025
b4b4fy928rpd2yexatntawm50,15,2024-11-10Z,14:00:00Z,2024-11-10,14:00:00,11,2,45,1,2025-06-14T23:56:54Z,Nottingham Forest vs Newcastle United,1qtaiy11gswx327s0vkibf70n,7vn2i2kd35zuetw6b38gw9jsz,9n12waklv005j8r32sfjj2eqc,Premier League 2024/2025
b3wtb1xixe69twdqvwstjokr8,15,2024-11-10Z,14:00:00Z,2024-11-10,14:00:00,11,2,45,1,2025-06-01T11:20:53Z,Manchester United vs Leicester City,6eqit8ye8aomdsrrq0hk3v7gh,avxknfz4f6ob0rv9dbnxdzde0,9n12waklv005j8r32sfjj2eqc,Premier League 2024/2025
b3iaa8kt3w1qxwto0asisn0gk,15,2024-11-09Z,20:00:00Z,2024-11-09,20:00:00,11,2,45,1,2025-06-17T13:09:36Z,Liverpool vs Aston Villa,c8h9bw1l82s06h77xxrelzhur,b496gs285it6bheuikox6z9mj,9n12waklv005j8r32sfjj2eqc,Premier League 2024/2025
b2bq698w6izvfo24dyn5s48wk,15,2024-11-09Z,17:30:00Z,2024-11-09,17:30:00,11,2,45,1,2025-06-16T14:56:36Z,Brighton & Hove Albion vs Manchester City,e5p0ehyguld7egzhiedpdnc3w,a3nyxabgsqlnqfkeg41m6tnpp,9n12waklv005j8r32sfjj2eqc,Premier League 2024/2025
b5hwbbtbsv8ugehtpnc87m49g,15,2024-11-09Z,15:00:00Z,2024-11-09,15:00:00,11,2,45,1,2025-06-11T19:11:11Z,Wolverhampton Wanderers vs Southampton,b9si1jn1lfxfund69e9ogcu2n,d5ydtvt96bv7fq04yqm2w2632,9n12waklv005j8r32sfjj2eqc,Premier League 2024/2025
b53nlij3abxe8wc0ufyw441sk,15,2024-11-09Z,15:00:00Z,2024-11-09,15:00:00,11,2,45,1,2025-06-09T22:10:24Z,West Ham United vs Everton,4txjdaqveermfryvbfrr4taf7,ehd2iemqmschhj2ec0vayztzz,9n12waklv005j8r32sfjj2eqc,Premier League 2024/2025
b342dlhx0ct3c5rkxni1dpedw,15,2024-11-09Z,15:00:00Z,2024-11-09,15:00:00,11,2,45,1,2025-06-13T14:06:13Z,Crystal Palace vs Fulham,1c8m2ko0wxq1asfkuykurdr0y,hzqh7z0mdl3v7gwete66syxp,9n12waklv005j8r32sfjj2eqc,Premier League 2024/2025
b1vw79zoxwpadhg7l24tqz8yc,15,2024-11-09Z,15:00:00Z,2024-11-09,15:00:00,11,2,45,1,2025-06-13T08:45:43Z,Brentford vs AFC Bournemouth,7yx5dqhhphyvfisohikodajhv,1pse9ta7a45pi2w2grjim70ge,9n12waklv005j8r32sfjj2eqc,Premier League 2024/2025
ayb4hc8bbqs5uiuu07fyuzqc4,15,2024-11-04Z,20:00:00Z,2024-11-04,20:00:00,10,2,45,1,2025-06-13T08:45:43Z,Fulham vs Brentford,hzqh7z0mdl3v7gwete66syxp,7yx5dqhhphyvfisohikodajhv,9n12waklv005j8r32sfjj2eqc,Premier League 2024/2025
azi1fqupwi9lt4cntzbmmpus4,15,2024-11-03Z,16:30:00Z,2024-11-03,16:30:00,10,2,45,1,2025-06-16T15:03:36Z,Manchester United vs Chelsea,6eqit8ye8aomdsrrq0hk3v7gh,9q0arba2kbnywth8bkxlhgmdr,9n12waklv005j8r32sfjj2eqc,Premier League 2024/2025
b13db56lvlvzdp2dx5afal2j8,15,2024-11-03Z,14:00:00Z,2024-11-03,14:00:00,10,2,45,1,2025-06-17T13:09:36Z,Tottenham Hotspur vs Aston Villa,22doj4sgsocqpxw45h607udje,b496gs285it6bheuikox6z9mj,9n12waklv005j8r32sfjj2eqc,Premier League 2024/2025
b1hldt1p3pssnl0loanggyg44,15,2024-11-02Z,17:30:00Z,2024-11-02,17:30:00,10,2,45,1,2025-06-13T14:06:14Z,Wolverhampton Wanderers vs Crystal Palace,b9si1jn1lfxfund69e9ogcu2n,1c8m2ko0wxq1asfkuykurdr0y,9n12waklv005j8r32sfjj2eqc,Premier League 2024/2025
b0oyn2643y3eeru99yxy6gdg4,15,2024-11-02Z,15:00:00Z,2024-11-02,15:00:00,10,2,45,1,2025-06-09T22:10:24Z,Southampton vs Everton,d5ydtvt96bv7fq04yqm2w2632,ehd2iemqmschhj2ec0vayztzz,9n12waklv005j8r32sfjj2eqc,Premier League 2024/2025
b0aon2y94ntz8folwv1uny3o4,15,2024-11-02Z,15:00:00Z,2024-11-02,15:00:00,10,2,45,1,2025-06-14T23:56:54Z,Nottingham Forest vs West Ham United,1qtaiy11gswx327s0vkibf70n,4txjdaqveermfryvbfrr4taf7,9n12waklv005j8r32sfjj2eqc,Premier League 2024/2025
az3ppcusru6chrdlounu5n504,15,2024-11-02Z,15:00:00Z,2024-11-02,15:00:00,10,2,45,1,2025-06-09T22:53:31Z,Liverpool vs Brighton & Hove Albion,c8h9bw1l82s06h77xxrelzhur,e5p0ehyguld7egzhiedpdnc3w,9n12waklv005j8r32sfjj2eqc,Premier League 2024/2025
ayped2904w2njb44zon5ublzo,15,2024-11-02Z,15:00:00Z,2024-11-02,15:00:00,10,2,45,1,2025-06-16T08:36:30Z,Ipswich Town vs Leicester City,8b523ujgl21tbc01me65q0aoh,avxknfz4f6ob0rv9dbnxdzde0,9n12waklv005j8r32sfjj2eqc,Premier League 2024/2025
axwsflf11fat7irlay6n9dclw,15,2024-11-02Z,15:00:00Z,2024-11-02,15:00:00,10,2,45,1,2025-06-16T14:56:36Z,AFC Bournemouth vs Manchester City,1pse9ta7a45pi2w2grjim70ge,a3nyxabgsqlnqfkeg41m6tnpp,9n12waklv005j8r32sfjj2eqc,Premier League 2024/2025
azwbyivnkpbe5i6dc5ho2azv8,15,2024-11-02Z,12:30:00Z,2024-11-02,12:30:00,10,2,45,1,2025-06-17T10:51:37Z,Newcastle United vs Arsenal,7vn2i2kd35zuetw6b38gw9jsz,4dsgumo7d4zupm2ugsvm4zm4d,9n12waklv005j8r32sfjj2eqc,Premier League 2024/2025
atrn47w93sszyv6t12spd4oic,15,2024-10-27Z,16:30:00Z,2024-10-27,16:30:00,9,2,45,1,2025-06-17T10:51:37Z,Arsenal vs Liverpool,4dsgumo7d4zupm2ugsvm4zm4d,c8h9bw1l82s06h77xxrelzhur,9n12waklv005j8r32sfjj2eqc,Premier League 2024/2025
axig72q0qgka6v67c4lgfdqfo,15,2024-10-27Z,14:00:00Z,2024-10-27,14:00:00,9,2,45,1,2025-06-09T11:30:15Z,West Ham United vs Manchester United,4txjdaqveermfryvbfrr4taf7,6eqit8ye8aomdsrrq0hk3v7gh,9n12waklv005j8r32sfjj2eqc,Premier League 2024/2025
avrblfxntqy73qcsyycfvhfys,15,2024-10-27Z,14:00:00Z,2024-10-27,14:00:00,9,2,45,1,2025-06-13T14:06:13Z,Crystal Palace vs Tottenham Hotspur,1c8m2ko0wxq1asfkuykurdr0y,22doj4sgsocqpxw45h607udje,9n12waklv005j8r32sfjj2eqc,Premier League 2024/2025
avd5izjtdvnw7u93xb8xbvk0k,15,2024-10-27Z,14:00:00Z,2024-10-27,14:00:00,9,2,45,1,2025-06-16T15:03:35Z,Chelsea vs Newcastle United,9q0arba2kbnywth8bkxlhgmdr,7vn2i2kd35zuetw6b38gw9jsz,9n12waklv005j8r32sfjj2eqc,Premier League 2024/2025
aw5h4s7bnrhkee5na9pxp4cno,15,2024-10-26Z,16:30:00Z,2024-10-26,17:30:00,9,2,45,1,2025-06-09T22:10:23Z,Everton vs Fulham,ehd2iemqmschhj2ec0vayztzz,hzqh7z0mdl3v7gwete66syxp,9n12waklv005j8r32sfjj2eqc,Premier League 2024/2025
ax43iut97af3lmgk00qpqulg4,15,2024-10-26Z,14:00:00Z,2024-10-26,15:00:00,9,2,45,1,2025-06-16T14:56:37Z,Manchester City vs Southampton,a3nyxabgsqlnqfkeg41m6tnpp,d5ydtvt96bv7fq04yqm2w2632,9n12waklv005j8r32sfjj2eqc,Premier League 2024/2025
auynk1784hnafhswgknipe5uc,15,2024-10-26Z,14:00:00Z,2024-10-26,15:00:00,9,2,45,1,2025-06-11T19:11:12Z,Brighton & Hove Albion vs Wolverhampton Wanderers,e5p0ehyguld7egzhiedpdnc3w,b9si1jn1lfxfund69e9ogcu2n,9n12waklv005j8r32sfjj2eqc,Premier League 2024/2025
auk2zrrz108sc67x98ab5w8wk,15,2024-10-26Z,14:00:00Z,2024-10-26,15:00:00,9,2,45,1,2025-06-16T08:36:28Z,Brentford vs Ipswich Town,7yx5dqhhphyvfisohikodajhv,8b523ujgl21tbc01me65q0aoh,9n12waklv005j8r32sfjj2eqc,Premier League 2024/2025
au5vh0mczjvvzeypybd04t2j8,15,2024-10-26Z,14:00:00Z,2024-10-26,15:00:00,9,2,45,1,2025-06-17T13:09:36Z,Aston Villa vs AFC Bournemouth,b496gs285it6bheuikox6z9mj,1pse9ta7a45pi2w2grjim70ge,9n12waklv005j8r32sfjj2eqc,Premier League 2024/2025
awnvptwyuhiyk486uho4ekl5g,15,2024-10-25Z,19:00:00Z,2024-10-25,20:00:00,9,2,45,1,2025-06-14T23:56:54Z,Leicester City vs Nottingham Forest,avxknfz4f6ob0rv9dbnxdzde0,1qtaiy11gswx327s0vkibf70n,9n12waklv005j8r32sfjj2eqc,Premier League 2024/2025
as5j1fz90lr0u99at43h9fi1g,15,2024-10-21Z,19:00:00Z,2024-10-21,20:00:00,8,2,45,1,2025-06-14T23:56:54Z,Nottingham Forest vs Crystal Palace,1qtaiy11gswx327s0vkibf70n,1c8m2ko0wxq1asfkuykurdr0y,9n12waklv005j8r32sfjj2eqc,Premier League 2024/2025
aqx9l2smo18pz6t961iqxxp1w,15,2024-10-20Z,15:30:00Z,2024-10-20,16:30:00,8,2,45,1,2025-06-16T15:03:36Z,Liverpool vs Chelsea,c8h9bw1l82s06h77xxrelzhur,9q0arba2kbnywth8bkxlhgmdr,9n12waklv005j8r32sfjj2eqc,Premier League 2024/2025
atde3o76qjevrgmymfnngt79w,15,2024-10-20Z,13:00:00Z,2024-10-20,14:00:00,8,2,45,1,2025-06-16T14:56:36Z,Wolverhampton Wanderers vs Manchester City,b9si1jn1lfxfund69e9ogcu2n,a3nyxabgsqlnqfkeg41m6tnpp,9n12waklv005j8r32sfjj2eqc,Premier League 2024/2025
apqqiacus65o3u3un7fqht4pg,15,2024-10-19Z,16:30:00Z,2024-10-19,17:30:00,8,2,45,1,2025-06-17T10:51:36Z,AFC Bournemouth vs Arsenal,1pse9ta7a45pi2w2grjim70ge,4dsgumo7d4zupm2ugsvm4zm4d,9n12waklv005j8r32sfjj2eqc,Premier League 2024/2025
aqj4mcu780mbosjar6dws4phw,15,2024-10-19Z,14:15:00Z,2024-10-19,15:15:00,8,2,45,1,2025-06-16T08:36:27Z,Ipswich Town vs Everton,8b523ujgl21tbc01me65q0aoh,ehd2iemqmschhj2ec0vayztzz,9n12waklv005j8r32sfjj2eqc,Premier League 2024/2025
askrolvfva9kaqahp64fnutxw,15,2024-10-19Z,14:00:00Z,2024-10-19,15:00:00,8,2,45,1,2025-06-01T11:20:53Z,Southampton vs Leicester City,d5ydtvt96bv7fq04yqm2w2632,avxknfz4f6ob0rv9dbnxdzde0,9n12waklv005j8r32sfjj2eqc,Premier League 2024/2025
arreylb5mxkxkhwbxsmov0qok,15,2024-10-19Z,14:00:00Z,2024-10-19,15:00:00,8,2,45,1,2025-06-09T22:53:33Z,Newcastle United vs Brighton & Hove Albion,7vn2i2kd35zuetw6b38gw9jsz,e5p0ehyguld7egzhiedpdnc3w,9n12waklv005j8r32sfjj2eqc,Premier League 2024/2025
arcxbx27p50ztgucbgs0xlg5w,15,2024-10-19Z,14:00:00Z,2024-10-19,15:00:00,8,2,45,1,2025-06-13T08:45:47Z,Manchester United vs Brentford,6eqit8ye8aomdsrrq0hk3v7gh,7yx5dqhhphyvfisohikodajhv,9n12waklv005j8r32sfjj2eqc,Premier League 2024/2025
aq4x8s61inaxj9gh46apuqcyc,15,2024-10-19Z,14:00:00Z,2024-10-19,15:00:00,8,2,45,1,2025-06-17T13:09:36Z,Fulham vs Aston Villa,hzqh7z0mdl3v7gwete66syxp,b496gs285it6bheuikox6z9mj,9n12waklv005j8r32sfjj2eqc,Premier League 2024/2025
asz9cpjkqq5bqnjodrnawfj10,15,2024-10-19Z,11:30:00Z,2024-10-19,12:30:00,8,2,45,1,2025-06-09T11:30:15Z,Tottenham Hotspur vs West Ham United,22doj4sgsocqpxw45h607udje,4txjdaqveermfryvbfrr4taf7,9n12waklv005j8r32sfjj2eqc,Premier League 2024/2025
amym5q493ma787cwb8qo8nims,15,2024-10-06Z,15:30:00Z,2024-10-06,16:30:00,7,2,45,1,2025-06-09T22:53:33Z,Brighton & Hove Albion vs Tottenham Hotspur,e5p0ehyguld7egzhiedpdnc3w,22doj4sgsocqpxw45h607udje,9n12waklv005j8r32sfjj2eqc,Premier League 2024/2025
ancv8e780zk2nrbgqv5u4i87o,15,2024-10-06Z,13:00:00Z,2024-10-06,14:00:00,7,2,45,1,2025-06-16T15:03:35Z,Chelsea vs Nottingham Forest,9q0arba2kbnywth8bkxlhgmdr,1qtaiy11gswx327s0vkibf70n,9n12waklv005j8r32sfjj2eqc,Premier League 2024/2025
am6awu6lz7ubxc45z7wk691jo,15,2024-10-06Z,13:00:00Z,2024-10-06,14:00:00,7,2,45,1,2025-06-17T13:09:36Z,Aston Villa vs Manchester United,b496gs285it6bheuikox6z9mj,6eqit8ye8aomdsrrq0hk3v7gh,9n12waklv005j8r32sfjj2eqc,Premier League 2024/2025
ao5gsl33bdk611idcvyb38dn8,15,2024-10-05Z,16:30:00Z,2024-10-05,17:30:00,7,2,45,1,2025-06-09T22:10:23Z,Everton vs Newcastle United,ehd2iemqmschhj2ec0vayztzz,7vn2i2kd35zuetw6b38gw9jsz,9n12waklv005j8r32sfjj2eqc,Premier League 2024/2025
apbousjwnr6w5l3uauq7gbdp0,15,2024-10-05Z,14:00:00Z,2024-10-05,15:00:00,7,2,45,1,2025-06-16T08:36:27Z,West Ham United vs Ipswich Town,4txjdaqveermfryvbfrr4taf7,8b523ujgl21tbc01me65q0aoh,9n12waklv005j8r32sfjj2eqc,Premier League 2024/2025
aoxhzju01d0van0lzxs0dopw4,15,2024-10-05Z,14:00:00Z,2024-10-05,15:00:00,7,2,45,1,2025-06-16T14:56:36Z,Manchester City vs Fulham,a3nyxabgsqlnqfkeg41m6tnpp,hzqh7z0mdl3v7gwete66syxp,9n12waklv005j8r32sfjj2eqc,Premier League 2024/2025
aojh1627bbta23euw8brup6ac,15,2024-10-05Z,14:00:00Z,2024-10-05,15:00:00,7,2,45,1,2025-06-12T15:08:39Z,Leicester City vs AFC Bournemouth,avxknfz4f6ob0rv9dbnxdzde0,1pse9ta7a45pi2w2grjim70ge,9n12waklv005j8r32sfjj2eqc,Premier League 2024/2025
amkeeqlbh2br7rp3vbhl9rvo4,15,2024-10-05Z,14:00:00Z,2024-10-05,15:00:00,7,2,45,1,2025-06-13T08:45:43Z,Brentford vs Wolverhampton Wanderers,7yx5dqhhphyvfisohikodajhv,b9si1jn1lfxfund69e9ogcu2n,9n12waklv005j8r32sfjj2eqc,Premier League 2024/2025
alqas3po9hgdmy3wokaadkglw,15,2024-10-05Z,14:00:00Z,2024-10-05,15:00:00,7,2,45,1,2025-06-17T10:51:38Z,Arsenal vs Southampton,4dsgumo7d4zupm2ugsvm4zm4d,d5ydtvt96bv7fq04yqm2w2632,9n12waklv005j8r32sfjj2eqc,Premier League 2024/2025
anr5t8h8zogj215ennykr2yhg,15,2024-10-05Z,11:30:00Z,2024-10-05,12:30:00,7,2,45,1,2025-06-13T14:06:13Z,Crystal Palace vs Liverpool,1c8m2ko0wxq1asfkuykurdr0y,c8h9bw1l82s06h77xxrelzhur,9n12waklv005j8r32sfjj2eqc,Premier League 2024/2025
ahrjrk827wesaguut81fwxogk,15,2024-09-30Z,19:00:00Z,2024-09-30,20:00:00,6,2,45,1,2025-06-12T15:08:39Z,AFC Bournemouth vs Southampton,1pse9ta7a45pi2w2grjim70ge,d5ydtvt96bv7fq04yqm2w2632,9n12waklv005j8r32sfjj2eqc,Premier League 2024/2025
ak5kc8bae13rk15xz1ie6kl5g,15,2024-09-29Z,15:30:00Z,2024-09-29,16:30:00,6,2,45,1,2025-06-09T09:53:32Z,Manchester United vs Tottenham Hotspur,6eqit8ye8aomdsrrq0hk3v7gh,22doj4sgsocqpxw45h607udje,9n12waklv005j8r32sfjj2eqc,Premier League 2024/2025
ajrengt8mistuh1bckmst0b9w,15,2024-09-29Z,13:00:00Z,2024-09-29,14:00:00,6,2,45,1,2025-06-17T13:09:36Z,Ipswich Town vs Aston Villa,8b523ujgl21tbc01me65q0aoh,b496gs285it6bheuikox6z9mj,9n12waklv005j8r32sfjj2eqc,Premier League 2024/2025
alc3z8rndhparp75jdh7kvgno,15,2024-09-28Z,16:30:00Z,2024-09-28,17:30:00,6,2,45,1,2025-06-11T19:11:12Z,Wolverhampton Wanderers vs Liverpool,b9si1jn1lfxfund69e9ogcu2n,c8h9bw1l82s06h77xxrelzhur,9n12waklv005j8r32sfjj2eqc,Premier League 2024/2025
akxtzxg3duz9jhjsbsvbch72s,15,2024-09-28Z,14:00:00Z,2024-09-28,15:00:00,6,2,45,1,2025-06-14T23:56:53Z,Nottingham Forest vs Fulham,1qtaiy11gswx327s0vkibf70n,hzqh7z0mdl3v7gwete66syxp,9n12waklv005j8r32sfjj2eqc,Premier League 2024/2025
ajdb1l0p6r32vaeoj9ck0tfys,15,2024-09-28Z,14:00:00Z,2024-09-28,15:00:00,6,2,45,1,2025-06-13T14:06:13Z,Everton vs Crystal Palace,ehd2iemqmschhj2ec0vayztzz,1c8m2ko0wxq1asfkuykurdr0y,9n12waklv005j8r32sfjj2eqc,Premier League 2024/2025
aiz0y9183figukgxfgneffcwk,15,2024-09-28Z,14:00:00Z,2024-09-28,15:00:00,6,2,45,1,2025-06-16T15:03:35Z,Chelsea vs Brighton & Hove Albion,9q0arba2kbnywth8bkxlhgmdr,e5p0ehyguld7egzhiedpdnc3w,9n12waklv005j8r32sfjj2eqc,Premier League 2024/2025
aiktebueamcxkgsa70wwdl7h0,15,2024-09-28Z,14:00:00Z,2024-09-28,15:00:00,6,2,45,1,2025-06-13T08:45:43Z,Brentford vs West Ham United,7yx5dqhhphyvfisohikodajhv,4txjdaqveermfryvbfrr4taf7,9n12waklv005j8r32sfjj2eqc,Premier League 2024/2025
ai61x0upsojo6ai08y1d7bwus,15,2024-09-28Z,14:00:00Z,2024-09-28,15:00:00,6,2,45,1,2025-06-17T10:51:36Z,Arsenal vs Leicester City,4dsgumo7d4zupm2ugsvm4zm4d,avxknfz4f6ob0rv9dbnxdzde0,9n12waklv005j8r32sfjj2eqc,Premier League 2024/2025
akjpi5at8xsnyjax5rlbem9zo,15,2024-09-28Z,11:30:00Z,2024-09-28,12:30:00,6,2,45,1,2025-06-16T14:56:36Z,Newcastle United vs Manchester City,7vn2i2kd35zuetw6b38gw9jsz,a3nyxabgsqlnqfkeg41m6tnpp,9n12waklv005j8r32sfjj2eqc,Premier League 2024/2025
ag16tryxy59qyb4yi28yj2vbo,15,2024-09-22Z,15:30:00Z,2024-09-22,16:30:00,5,2,45,1,2025-06-17T10:51:39Z,Manchester City vs Arsenal,a3nyxabgsqlnqfkeg41m6tnpp,4dsgumo7d4zupm2ugsvm4zm4d,9n12waklv005j8r32sfjj2eqc,Premier League 2024/2025
ae1xelew1bynefuy31zeiwdg4,15,2024-09-22Z,13:00:00Z,2024-09-22,14:00:00,5,2,45,1,2025-06-14T23:56:53Z,Brighton & Hove Albion vs Nottingham Forest,e5p0ehyguld7egzhiedpdnc3w,1qtaiy11gswx327s0vkibf70n,9n12waklv005j8r32sfjj2eqc,Premier League 2024/2025
aefquyxif5vebjwh54wvk4opg,15,2024-09-21Z,16:30:00Z,2024-09-21,17:30:00,5,2,45,1,2025-06-09T23:11:24Z,Crystal Palace vs Manchester United,1c8m2ko0wxq1asfkuykurdr0y,6eqit8ye8aomdsrrq0hk3v7gh,9n12waklv005j8r32sfjj2eqc,Premier League 2024/2025
aguvgldpv1ftyxfiy4jznknbo,15,2024-09-21Z,14:00:00Z,2024-09-21,15:00:00,5,2,45,1,2025-06-13T08:45:46Z,Tottenham Hotspur vs Brentford,22doj4sgsocqpxw45h607udje,7yx5dqhhphyvfisohikodajhv,9n12waklv005j8r32sfjj2eqc,Premier League 2024/2025
agf7rpybp1uvwirhlyvye11xw,15,2024-09-21Z,14:00:00Z,2024-09-21,15:00:00,5,2,45,1,2025-06-16T08:36:27Z,Southampton vs Ipswich Town,d5ydtvt96bv7fq04yqm2w2632,8b523ujgl21tbc01me65q0aoh,9n12waklv005j8r32sfjj2eqc,Premier League 2024/2025
afncz5xufiwf99f23z46ms844,15,2024-09-21Z,14:00:00Z,2024-09-21,15:00:00,5,2,45,1,2025-06-12T15:08:39Z,Liverpool vs AFC Bournemouth,c8h9bw1l82s06h77xxrelzhur,1pse9ta7a45pi2w2grjim70ge,9n12waklv005j8r32sfjj2eqc,Premier League 2024/2025
af97hxf1kqfomvelc4tryinmc,15,2024-09-21Z,14:00:00Z,2024-09-21,15:00:00,5,2,45,1,2025-06-09T22:10:23Z,Leicester City vs Everton,avxknfz4f6ob0rv9dbnxdzde0,ehd2iemqmschhj2ec0vayztzz,9n12waklv005j8r32sfjj2eqc,Premier League 2024/2025
aetne09mtgtggwxaj40va53bo,15,2024-09-21Z,14:00:00Z,2024-09-21,15:00:00,5,2,45,1,2025-06-04T22:32:53Z,Fulham vs Newcastle United,hzqh7z0mdl3v7gwete66syxp,7vn2i2kd35zuetw6b38gw9jsz,9n12waklv005j8r32sfjj2eqc,Premier League 2024/2025
ado3rhpzujme8omv238shqjh0,15,2024-09-21Z,14:00:00Z,2024-09-21,15:00:00,5,2,45,1,2025-06-17T13:09:36Z,Aston Villa vs Wolverhampton Wanderers,b496gs285it6bheuikox6z9mj,b9si1jn1lfxfund69e9ogcu2n,9n12waklv005j8r32sfjj2eqc,Premier League 2024/2025
ah9hnnfftktslca2220tscrh0,15,2024-09-21Z,11:30:00Z,2024-09-21,12:30:00,5,2,45,1,2025-06-16T15:03:35Z,West Ham United vs Chelsea,4txjdaqveermfryvbfrr4taf7,9q0arba2kbnywth8bkxlhgmdr,9n12waklv005j8r32sfjj2eqc,Premier League 2024/2025
ada849bpq0huf2l3fh33gir6c,15,2024-09-15Z,15:30:00Z,2024-09-15,16:30:00,4,2,45,1,2025-06-11T19:11:10Z,Wolverhampton Wanderers vs Newcastle United,b9si1jn1lfxfund69e9ogcu2n,7vn2i2kd35zuetw6b38gw9jsz,9n12waklv005j8r32sfjj2eqc,Premier League 2024/2025
acwanepsi3azjpg1c0z6d7thw,15,2024-09-15Z,13:00:00Z,2024-09-15,14:00:00,4,2,45,1,2025-06-17T10:51:36Z,Tottenham Hotspur vs Arsenal,22doj4sgsocqpxw45h607udje,4dsgumo7d4zupm2ugsvm4zm4d,9n12waklv005j8r32sfjj2eqc,Premier League 2024/2025
a9qyre4oegnwsa1z1ren9uk2c,15,2024-09-14Z,19:00:00Z,2024-09-14,20:00:00,4,2,45,1,2025-06-16T15:03:35Z,AFC Bournemouth vs Chelsea,1pse9ta7a45pi2w2grjim70ge,9q0arba2kbnywth8bkxlhgmdr,9n12waklv005j8r32sfjj2eqc,Premier League 2024/2025
aa4ubv3h32s5i4cj579e5myok,15,2024-09-14Z,16:30:00Z,2024-09-14,17:30:00,4,2,45,1,2025-06-17T13:09:36Z,Aston Villa vs Everton,b496gs285it6bheuikox6z9mj,ehd2iemqmschhj2ec0vayztzz,9n12waklv005j8r32sfjj2eqc,Premier League 2024/2025
ac4ee7cck9p3wn2m0hjhn9t04,15,2024-09-14Z,14:00:00Z,2024-09-14,15:00:00,4,2,45,1,2025-06-16T14:56:36Z,Manchester City vs Brentford,a3nyxabgsqlnqfkeg41m6tnpp,7yx5dqhhphyvfisohikodajhv,9n12waklv005j8r32sfjj2eqc,Premier League 2024/2025
abqhlsvrz9z4a0ggizokn1r10,15,2024-09-14Z,14:00:00Z,2024-09-14,15:00:00,4,2,45,1,2025-06-14T23:56:53Z,Liverpool vs Nottingham Forest,c8h9bw1l82s06h77xxrelzhur,1qtaiy11gswx327s0vkibf70n,9n12waklv005j8r32sfjj2eqc,Premier League 2024/2025
abci1aeewqlidmi585ea3649g,15,2024-09-14Z,14:00:00Z,2024-09-14,15:00:00,4,2,45,1,2025-06-09T11:30:15Z,Fulham vs West Ham United,hzqh7z0mdl3v7gwete66syxp,4txjdaqveermfryvbfrr4taf7,9n12waklv005j8r32sfjj2eqc,Premier League 2024/2025
aawiuqfio7uaw23yoqt2z5us4,15,2024-09-14Z,14:00:00Z,2024-09-14,15:00:00,4,2,45,1,2025-06-09T23:11:21Z,Crystal Palace vs Leicester City,1c8m2ko0wxq1asfkuykurdr0y,avxknfz4f6ob0rv9dbnxdzde0,9n12waklv005j8r32sfjj2eqc,Premier League 2024/2025
aaiqb5wvklnuqiccs5tjty4us,15,2024-09-14Z,14:00:00Z,2024-09-14,15:00:00,4,2,45,1,2025-06-16T08:36:27Z,Brighton & Hove Albion vs Ipswich Town,e5p0ehyguld7egzhiedpdnc3w,8b523ujgl21tbc01me65q0aoh,9n12waklv005j8r32sfjj2eqc,Premier League 2024/2025
aciew3qgj7wh9y8uco55gij9w,15,2024-09-14Z,11:30:00Z,2024-09-14,12:30:00,4,2,45,1,2025-05-26T10:50:35Z,Southampton vs Manchester United,d5ydtvt96bv7fq04yqm2w2632,6eqit8ye8aomdsrrq0hk3v7gh,9n12waklv005j8r32sfjj2eqc,Premier League 2024/2025
a86rax2l4n8o39xdn6vyqebys,15,2024-09-01Z,15:00:00Z,2024-09-01,16:00:00,3,2,45,1,2025-06-04T08:34:06Z,Manchester United vs Liverpool,6eqit8ye8aomdsrrq0hk3v7gh,c8h9bw1l82s06h77xxrelzhur,9n12waklv005j8r32sfjj2eqc,Premier League 2024/2025
a8konun677tzyryolm0f7muc4,15,2024-09-01Z,12:30:00Z,2024-09-01,13:30:00,3,2,45,1,2025-06-09T09:53:32Z,Newcastle United vs Tottenham Hotspur,7vn2i2kd35zuetw6b38gw9jsz,22doj4sgsocqpxw45h607udje,9n12waklv005j8r32sfjj2eqc,Premier League 2024/2025
a6mj09bndgmfbgbaq963r1r10,15,2024-09-01Z,12:30:00Z,2024-09-01,13:30:00,3,2,45,1,2025-06-16T15:03:35Z,Chelsea vs Crystal Palace,9q0arba2kbnywth8bkxlhgmdr,1c8m2ko0wxq1asfkuykurdr0y,9n12waklv005j8r32sfjj2eqc,Premier League 2024/2025
a9cy73yop41lf9p9junv6o5xw,15,2024-08-31Z,16:30:00Z,2024-08-31,17:30:00,3,2,45,1,2025-06-16T14:56:36Z,West Ham United vs Manchester City,4txjdaqveermfryvbfrr4taf7,a3nyxabgsqlnqfkeg41m6tnpp,9n12waklv005j8r32sfjj2eqc,Premier League 2024/2025
a8z07hm3f32wyzle4ilpkk6j8,15,2024-08-31Z,14:00:00Z,2024-08-31,15:00:00,3,2,45,1,2025-06-14T23:56:53Z,Nottingham Forest vs Wolverhampton Wanderers,1qtaiy11gswx327s0vkibf70n,b9si1jn1lfxfund69e9ogcu2n,9n12waklv005j8r32sfjj2eqc,Premier League 2024/2025
a7sjfgnydclryqx2zklp6dl3o,15,2024-08-31Z,14:00:00Z,2024-08-31,15:00:00,3,2,45,1,2025-06-17T13:09:36Z,Leicester City vs Aston Villa,avxknfz4f6ob0rv9dbnxdzde0,b496gs285it6bheuikox6z9mj,9n12waklv005j8r32sfjj2eqc,Premier League 2024/2025
a7ejv3imguaw00gzqlxxlv28k,15,2024-08-31Z,14:00:00Z,2024-08-31,15:00:00,3,2,45,1,2025-06-16T08:36:30Z,Ipswich Town vs Fulham,8b523ujgl21tbc01me65q0aoh,hzqh7z0mdl3v7gwete66syxp,9n12waklv005j8r32sfjj2eqc,Premier League 2024/2025
a70k22ulkzl4n59fucc69olxw,15,2024-08-31Z,14:00:00Z,2024-08-31,15:00:00,3,2,45,1,2025-06-12T15:08:39Z,Everton vs AFC Bournemouth,ehd2iemqmschhj2ec0vayztzz,1pse9ta7a45pi2w2grjim70ge,9n12waklv005j8r32sfjj2eqc,Premier League 2024/2025
a68jncle24x88dhzdwbfj6cyc,15,2024-08-31Z,14:00:00Z,2024-08-31,15:00:00,3,2,45,1,2025-06-13T08:45:43Z,Brentford vs Southampton,7yx5dqhhphyvfisohikodajhv,d5ydtvt96bv7fq04yqm2w2632,9n12waklv005j8r32sfjj2eqc,Premier League 2024/2025
a5sr0ba7amh9cuylpfu6pev4k,15,2024-08-31Z,11:30:00Z,2024-08-31,12:30:00,3,2,45,1,2025-06-17T10:51:36Z,Arsenal vs Brighton & Hove Albion,4dsgumo7d4zupm2ugsvm4zm4d,e5p0ehyguld7egzhiedpdnc3w,9n12waklv005j8r32sfjj2eqc,Premier League 2024/2025
a3ttpgz90zp87ss25f3saaot0,15,2024-08-25Z,15:30:00Z,2024-08-25,16:30:00,2,2,45,1,2025-06-13T08:45:43Z,Liverpool vs Brentford,c8h9bw1l82s06h77xxrelzhur,7yx5dqhhphyvfisohikodajhv,9n12waklv005j8r32sfjj2eqc,Premier League 2024/2025
a5e7h2zp0orfxiun81s46u42c,15,2024-08-25Z,13:00:00Z,2024-08-25,14:00:00,2,2,45,1,2025-06-16T15:03:35Z,Wolverhampton Wanderers vs Chelsea,b9si1jn1lfxfund69e9ogcu2n,9q0arba2kbnywth8bkxlhgmdr,9n12waklv005j8r32sfjj2eqc,Premier League 2024/2025
a1vzqjrh90mlztt4kxuryi7tg,15,2024-08-25Z,13:00:00Z,2024-08-25,14:00:00,2,2,45,1,2025-06-12T15:08:39Z,AFC Bournemouth vs Newcastle United,1pse9ta7a45pi2w2grjim70ge,7vn2i2kd35zuetw6b38gw9jsz,9n12waklv005j8r32sfjj2eqc,Premier League 2024/2025
a29xs4iwc8l76q75hvdhqmfis,15,2024-08-24Z,16:30:00Z,2024-08-24,17:30:00,2,2,45,1,2025-06-17T13:09:36Z,Aston Villa vs Arsenal,b496gs285it6bheuikox6z9mj,4dsgumo7d4zupm2ugsvm4zm4d,9n12waklv005j8r32sfjj2eqc,Premier League 2024/2025
a507k8p8ev3hut6is48cpgnx0,15,2024-08-24Z,14:00:00Z,2024-08-24,15:00:00,2,2,45,1,2025-06-09T22:10:23Z,Tottenham Hotspur vs Everton,22doj4sgsocqpxw45h607udje,ehd2iemqmschhj2ec0vayztzz,9n12waklv005j8r32sfjj2eqc,Premier League 2024/2025
a4m4ugilkxcp2ojdtx5gksmqc,15,2024-08-24Z,14:00:00Z,2024-08-24,15:00:00,2,2,45,1,2025-06-14T23:56:53Z,Southampton vs Nottingham Forest,d5ydtvt96bv7fq04yqm2w2632,1qtaiy11gswx327s0vkibf70n,9n12waklv005j8r32sfjj2eqc,Premier League 2024/2025
a47yg860l5uz4oympuu72rlzo,15,2024-08-24Z,14:00:00Z,2024-08-24,15:00:00,2,2,45,1,2025-06-16T14:56:36Z,Manchester City vs Ipswich Town,a3nyxabgsqlnqfkeg41m6tnpp,8b523ujgl21tbc01me65q0aoh,9n12waklv005j8r32sfjj2eqc,Premier League 2024/2025
a3futa5xj74lp0081zpbycopg,15,2024-08-24Z,14:00:00Z,2024-08-24,15:00:00,2,2,45,1,2025-06-04T22:32:53Z,Fulham vs Leicester City,hzqh7z0mdl3v7gwete66syxp,avxknfz4f6ob0rv9dbnxdzde0,9n12waklv005j8r32sfjj2eqc,Premier League 2024/2025
a31ubu7a49ct5wfk743xnb7kk,15,2024-08-24Z,14:00:00Z,2024-08-24,15:00:00,2,2,45,1,2025-06-09T23:11:21Z,Crystal Palace vs West Ham United,1c8m2ko0wxq1asfkuykurdr0y,4txjdaqveermfryvbfrr4taf7,9n12waklv005j8r32sfjj2eqc,Premier League 2024/2025
a2nwp4zx1mzcmk2e4dtcw5h5g,15,2024-08-24Z,11:30:00Z,2024-08-24,12:30:00,2,2,45,1,2025-06-09T22:53:33Z,Brighton & Hove Albion vs Manchester United,e5p0ehyguld7egzhiedpdnc3w,6eqit8ye8aomdsrrq0hk3v7gh,9n12waklv005j8r32sfjj2eqc,Premier League 2024/2025
a1hv3g0e4xxhsmf3uy6h7nbpw,15,2024-08-19Z,19:00:00Z,2024-08-19,20:00:00,1,2,45,1,2025-06-09T09:53:32Z,Leicester City vs Tottenham Hotspur,avxknfz4f6ob0rv9dbnxdzde0,22doj4sgsocqpxw45h607udje,9n12waklv005j8r32sfjj2eqc,Premier League 2024/2025
a10nf6w203q0qaq2pjqdjzac4,15,2024-08-18Z,15:30:00Z,2024-08-18,16:30:00,1,2,45,1,2025-06-16T14:56:36Z,Chelsea vs Manchester City,9q0arba2kbnywth8bkxlhgmdr,a3nyxabgsqlnqfkeg41m6tnpp,9n12waklv005j8r32sfjj2eqc,Premier League 2024/2025
a0hrs1z7fyi5khi5ahzp92bys,15,2024-08-18Z,13:00:00Z,2024-08-18,14:00:00,1,2,45,1,2025-06-17T13:34:49Z,Brentford vs Crystal Palace,7yx5dqhhphyvfisohikodajhv,1c8m2ko0wxq1asfkuykurdr0y,9n12waklv005j8r32sfjj2eqc,Premier League 2024/2025
a00er18cx7l4uarkf0hxuq9sk,15,2024-08-17Z,16:30:00Z,2024-08-17,17:30:00,1,2,45,1,2025-06-17T13:09:36Z,West Ham United vs Aston Villa,4txjdaqveermfryvbfrr4taf7,b496gs285it6bheuikox6z9mj,9n12waklv005j8r32sfjj2eqc,Premier League 2024/2025
9zj02htxa546gmunv1yxsgd1w,15,2024-08-17Z,14:00:00Z,2024-08-17,15:00:00,1,2,45,1,2025-06-14T23:56:53Z,Nottingham Forest vs AFC Bournemouth,1qtaiy11gswx327s0vkibf70n,1pse9ta7a45pi2w2grjim70ge,9n12waklv005j8r32sfjj2eqc,Premier League 2024/2025
9z1rpj69c2wne0uyyyetrb0gk,15,2024-08-17Z,14:00:00Z,2024-08-17,15:00:00,1,2,45,1,2025-05-19T10:34:01Z,Newcastle United vs Southampton,7vn2i2kd35zuetw6b38gw9jsz,d5ydtvt96bv7fq04yqm2w2632,9n12waklv005j8r32sfjj2eqc,Premier League 2024/2025
9y33z6148qjoh6m1khiu0zdas,15,2024-08-17Z,14:00:00Z,2024-08-17,15:00:00,1,2,45,1,2025-06-09T22:10:23Z,Everton vs Brighton & Hove Albion,ehd2iemqmschhj2ec0vayztzz,e5p0ehyguld7egzhiedpdnc3w,9n12waklv005j8r32sfjj2eqc,Premier League 2024/2025
9xlphha9gt647b84dy64ts8b8,15,2024-08-17Z,14:00:00Z,2024-08-17,15:00:00,1,2,45,1,2025-06-17T10:51:36Z,Arsenal vs Wolverhampton Wanderers,4dsgumo7d4zupm2ugsvm4zm4d,b9si1jn1lfxfund69e9ogcu2n,9n12waklv005j8r32sfjj2eqc,Premier League 2024/2025
9ykfiw5qof30tbfoye9i0o4r8,15,2024-08-17Z,11:30:00Z,2024-08-17,12:30:00,1,2,45,1,2025-06-16T08:36:27Z,Ipswich Town vs Liverpool,8b523ujgl21tbc01me65q0aoh,c8h9bw1l82s06h77xxrelzhur,9n12waklv005j8r32sfjj2eqc,Premier League 2024/2025
9x16f7izg27mw8l6rxtehfitw,15,2024-08-16Z,19:00:00Z,2024-08-16,20:00:00,1,2,45,1,2025-06-04T22:32:52Z,Manchester United vs Fulham,6eqit8ye8aomdsrrq0hk3v7gh,hzqh7z0mdl3v7gwete66syxp,9n12waklv005j8r32sfjj2eqc,Premier League 2024/2025
